Date,Open,High,Low,Close,Volume,(High-Low),(Open-Close)
01-01-2015,286.31,289.27,285.24,287.99,14549,4.03,-1.68
02-01-2015,287.99,292.51,287.99,288.59,24711,4.52,-0.6
05-01-2015,288.59,290.01,280.31,281.47,28104,9.7,7.12
06-01-2015,282.01,282.01,266.19,268.01,43190,15.82,14
07-01-2015,265.51,271.01,265.01,266.44,201960,6,-0.93
08-01-2015,268.31,276.44,268.31,274.74,166565,8.13,-6.43
09-01-2015,279.69,296.01,270.77,283.21,505181,25.24,-3.52
12-01-2015,283.04,283.89,275.09,275.99,39993,8.8,7.05
13-01-2015,271.67,274.57,266.69,267.57,386157,7.88,4.1
14-01-2015,272.49,272.49,263.51,264.74,87674,8.98,7.75
15-01-2015,271.51,271.51,265.24,266.11,601507,6.27,5.4
16-01-2015,266.94,270.54,261.29,263.94,478484,9.25,3
19-01-2015,261.59,269.01,261.51,265.67,59643,7.5,-4.08
20-01-2015,266.07,269.51,266.07,268.61,39624,3.44,-2.54
21-01-2015,269.51,269.51,265.94,267.47,26549,3.57,2.04
22-01-2015,267.94,272.71,267.51,271.24,45190,5.2,-3.3
23-01-2015,273.64,277.01,272.97,275.91,43985,4.04,-2.27
27-01-2015,276.51,278.99,269.64,271.74,30660,9.35,4.77
28-01-2015,272.37,282.34,272.37,280.54,58226,9.97,-8.17
29-01-2015,281.01,281.91,274.51,275.19,27785,7.4,5.82
30-01-2015,276.51,278.51,265.84,267.61,54699,12.67,8.9
02-02-2015,269.01,270.51,265.51,266.39,39543,5,2.62
03-02-2015,269.31,270.01,264.14,266.87,49054,5.87,2.44
04-02-2015,271.49,275.01,268.07,273.89,49517,6.94,-2.4
05-02-2015,273.01,273.01,269.24,270.07,2746859,3.77,2.94
06-02-2015,270.51,276.47,269.14,273.91,244116,7.33,-3.4
09-02-2015,272.51,276.74,267.51,270.64,89558,9.23,1.87
10-02-2015,267.51,273.44,262.79,265.47,57225,10.65,2.04
11-02-2015,266.37,268.24,263.81,265.07,17575,4.43,1.3
12-02-2015,266.84,267.51,263.14,265.47,18911,4.37,1.37
13-02-2015,260.01,262.91,249.57,251.31,174533,13.34,8.7
16-02-2015,251.51,256.51,248.01,249.74,100094,8.5,1.77
18-02-2015,250.51,253.01,247.51,250.19,95569,5.5,0.32
19-02-2015,251.61,253.41,247.17,248.64,60478,6.24,2.97
20-02-2015,249.67,250.77,246.57,247.37,47387,4.2,2.3
23-02-2015,249.51,249.51,242.91,243.61,38487,6.6,5.9
24-02-2015,244.59,244.67,234.47,235.09,69871,10.2,9.5
25-02-2015,236.51,241.99,236.51,239.54,137734,5.48,-3.03
26-02-2015,241.01,241.01,234.59,236.69,1430694,6.42,4.32
27-02-2015,237.41,255.19,237.11,250.64,148356,18.08,-13.23
28-02-2015,251.27,254.51,247.74,249.01,35940,6.77,2.26
02-03-2015,249.01,253.94,245.17,248.47,59870,8.77,0.54
03-03-2015,251.99,252.01,244.01,245.01,916228,8,6.98
04-03-2015,245.91,246.59,243.51,244.19,169552,3.08,1.72
05-03-2015,245.39,247.59,243.01,246.87,24245,4.58,-1.48
09-03-2015,246.87,246.87,242.51,245.59,936483,4.36,1.28
10-03-2015,246.51,248.17,244.67,246.31,626657,3.5,0.2
11-03-2015,247.51,248.97,241.64,243.01,444735,7.33,4.5
12-03-2015,243.51,245.51,241.79,243.79,28275,3.72,-0.28
13-03-2015,245.01,245.01,241.89,242.99,319981,3.12,2.02
16-03-2015,243.01,243.87,237.69,238.77,1620879,6.18,4.24
17-03-2015,240.01,242.51,239.29,240.34,14116,3.22,-0.33
18-03-2015,241.34,241.69,238.67,239.34,19828,3.02,2
19-03-2015,241.77,254.14,239.27,241.74,261066,14.87,0.03
20-03-2015,242.51,243.99,237.04,240.67,50247,6.95,1.84
23-03-2015,241.64,244.51,241.14,241.67,360508,3.37,-0.03
24-03-2015,238.51,239.09,234.57,235.49,28614,4.52,3.02
25-03-2015,239.01,240.01,233.14,235.07,65548,6.87,3.94
26-03-2015,235.07,236.64,232.91,233.84,35349,3.73,1.23
27-03-2015,234.91,236.14,225.01,228.38,101105,11.13,6.53
30-03-2015,231.61,232.71,227.51,228.51,38976,5.2,3.1
31-03-2015,230.91,231.28,226.08,226.84,47972,5.2,4.07
01-04-2015,227.51,230.01,225.48,229.26,34338,4.53,-1.75
06-04-2015,230.01,231.51,225.91,229.64,34120,5.6,0.37
07-04-2015,230.51,232.14,227.48,228.64,32601,4.66,1.87
08-04-2015,229.86,229.98,225.36,225.98,69687,4.62,3.88
09-04-2015,227.51,229.01,226.54,228.16,132418,2.47,-0.65
10-04-2015,228.18,234.49,228.18,233.77,54674,6.31,-5.59
13-04-2015,235.01,240.91,233.51,239.24,80790,7.4,-4.23
15-04-2015,242.07,256.27,240.01,250.09,129826,16.26,-8.02
16-04-2015,250.09,256.51,246.51,254.31,88467,10,-4.22
17-04-2015,256.37,263.01,255.77,259.44,103139,7.24,-3.07
20-04-2015,260.51,260.51,241.64,250.51,71242,18.87,10
21-04-2015,249.01,249.01,242.09,243.61,53525,6.92,5.4
22-04-2015,245.01,247.61,231.98,233.01,209037,15.63,12
23-04-2015,235.67,237.97,234.21,236.84,41939,3.76,-1.17
24-04-2015,237.51,237.51,233.24,234.97,25752,4.27,2.54
27-04-2015,235.41,236.51,230.41,233.69,22031,6.1,1.72
28-04-2015,233.69,235.54,232.01,234.51,715550,3.53,-0.82
29-04-2015,234.51,234.51,229.66,232.86,43684,4.85,1.65
30-04-2015,232.51,232.51,228.44,229.01,35680,4.07,3.5
04-05-2015,231.26,244.44,231.26,243.27,61971,13.18,-12.01
05-05-2015,244.67,245.09,240.91,243.21,48431,4.18,1.46
06-05-2015,244.01,246.87,231.96,235.09,103346,14.91,8.92
07-05-2015,235.01,236.99,231.06,232.51,41579,5.93,2.5
08-05-2015,234.37,238.01,234.04,236.71,75535,3.97,-2.34
11-05-2015,236.51,244.99,236.14,243.24,43214,8.85,-6.73
12-05-2015,242.67,244.24,236.07,241.54,30315,8.17,1.13
13-05-2015,239.01,239.49,234.51,238.09,58085,4.98,0.92
14-05-2015,238.51,245.01,238.39,244.31,30882,6.62,-5.8
15-05-2015,245.51,250.01,244.37,248.31,59789,5.64,-2.8
18-05-2015,249.99,251.99,247.21,250.24,243568,4.78,-0.25
19-05-2015,248.29,250.01,243.49,248.57,65872,6.52,-0.28
20-05-2015,248.51,251.69,242.64,244.51,40136,9.05,4
21-05-2015,245.17,245.61,237.64,240.11,56096,7.97,5.06
22-05-2015,247.01,247.01,239.01,239.94,42002,8,7.07
25-05-2015,240.51,241.87,238.51,240.04,42640,3.36,0.47
26-05-2015,240.51,240.61,237.51,238.49,331957,3.1,2.02
27-05-2015,239.57,239.57,235.27,236.97,36900,4.3,2.6
28-05-2015,237.01,239.27,236.77,237.97,40078,2.5,-0.96
29-05-2015,238.01,238.11,230.28,232.54,152664,7.83,5.47
01-06-2015,234.01,243.51,234.01,241.67,84860,9.5,-7.66
02-06-2015,242.51,243.47,236.64,238.34,36256,6.83,4.17
03-06-2015,238.51,238.51,233.54,236.37,42718,4.97,2.14
04-06-2015,237.47,238.77,231.51,235.07,61918,7.26,2.4
05-06-2015,236.19,238.99,233.01,235.71,35103,5.98,0.48
08-06-2015,235.01,236.41,232.31,233.18,124578,4.1,1.83
09-06-2015,233.18,236.51,232.11,232.76,33736,4.4,0.42
10-06-2015,233.37,236.49,232.14,235.29,17332,4.35,-1.92
11-06-2015,235.01,236.94,232.88,234.09,44777,4.06,0.92
12-06-2015,234.09,237.27,233.51,234.97,37038,3.76,-0.88
15-06-2015,235.51,235.51,233.14,233.49,21353,2.37,2.02
16-06-2015,233.51,237.54,233.04,233.39,33084,4.5,0.12
17-06-2015,231.01,234.97,231.01,231.94,31804,3.96,-0.93
18-06-2015,232.26,235.99,230.81,232.91,68044,5.18,-0.65
19-06-2015,233.69,236.37,233.51,235.27,43900,2.86,-1.58
22-06-2015,236.51,236.51,233.24,235.14,41504,3.27,1.37
23-06-2015,235.11,239.01,234.51,236.51,62329,4.5,-1.4
24-06-2015,237.51,238.81,235.01,235.34,43918,3.8,2.17
25-06-2015,235.04,236.11,232.61,234.44,47024,3.5,0.6
26-06-2015,234.81,234.81,231.41,231.88,32058,3.4,2.93
29-06-2015,232.01,232.01,223.46,224.58,87660,8.55,7.43
30-06-2015,224.51,225.51,222.74,223.66,58953,2.77,0.85
01-07-2015,230.01,230.01,223.88,225.01,58443,6.13,5
02-07-2015,226.01,230.01,225.01,226.88,67270,5,-0.87
03-07-2015,228.61,229.01,226.06,226.48,27264,2.95,2.13
06-07-2015,225.01,225.41,222.38,224.84,59241,3.03,0.17
07-07-2015,226.48,226.48,222.56,222.98,44411,3.92,3.5
08-07-2015,222.51,222.51,214.54,215.14,117965,7.97,7.37
09-07-2015,215.04,215.76,210.51,211.16,95676,5.25,3.88
10-07-2015,213.51,220.18,210.01,219.08,135131,10.17,-5.57
13-07-2015,220.01,221.81,217.98,220.16,42766,3.83,-0.15
14-07-2015,220.01,220.51,218.31,219.58,40031,2.2,0.43
15-07-2015,220.98,222.91,220.41,221.94,43553,2.5,-0.96
16-07-2015,221.68,223.71,219.88,222.56,63939,3.83,-0.88
17-07-2015,222.51,223.08,220.51,221.18,40558,2.57,1.33
20-07-2015,221.26,221.84,219.01,219.78,25860,2.83,1.48
21-07-2015,220.01,220.11,217.01,219.16,389892,3.1,0.85
22-07-2015,218.01,219.74,215.01,218.96,33672,4.73,-0.95
23-07-2015,219.01,222.41,216.66,221.81,66897,5.75,-2.8
24-07-2015,221.06,224.88,220.91,223.08,56096,3.97,-2.02
27-07-2015,221.86,221.86,217.21,218.74,22713,4.65,3.12
28-07-2015,217.74,217.76,213.04,215.21,61009,4.72,2.53
29-07-2015,215.26,216.44,210.46,211.24,135583,5.98,4.02
30-07-2015,212.41,215.14,211.01,211.94,291527,4.13,0.47
31-07-2015,212.51,217.51,211.88,216.21,64053,5.63,-3.7
03-08-2015,222.01,222.04,213.41,220.94,56141,8.63,1.07
04-08-2015,220.51,222.34,218.18,220.31,51135,4.16,0.2
05-08-2015,221.41,226.86,219.71,224.28,84668,7.15,-2.87
06-08-2015,225.84,230.01,224.08,227.06,147995,5.93,-1.22
07-08-2015,225.98,232.91,225.81,228.06,93435,7.1,-2.08
10-08-2015,228.51,232.46,227.01,228.26,68859,5.45,0.25
11-08-2015,229.01,229.78,223.98,225.71,89901,5.8,3.3
12-08-2015,227.81,230.56,221.51,224.54,142152,9.05,3.27
13-08-2015,225.01,227.11,223.16,224.51,39243,3.95,0.5
14-08-2015,227.41,228.01,224.61,227.41,50558,3.4,0
17-08-2015,227.41,231.38,225.91,230.18,53751,5.47,-2.77
18-08-2015,231.26,232.41,228.94,230.04,29883,3.47,1.22
19-08-2015,230.26,231.51,228.58,230.38,43856,2.93,-0.12
20-08-2015,231.41,236.31,227.06,229.84,84816,9.25,1.57
21-08-2015,226.01,231.48,222.51,228.06,135859,8.97,-2.05
24-08-2015,225.51,225.96,206.86,214.41,577143,19.1,11.1
25-08-2015,214.51,224.04,212.28,220.08,93823,11.76,-5.57
26-08-2015,214.56,227.54,214.56,224.34,93288,12.98,-9.78
27-08-2015,228.84,230.26,225.54,227.74,244459,4.72,1.1
28-08-2015,232.46,236.77,231.78,234.01,90984,4.99,-1.55
31-08-2015,235.51,237.21,222.86,225.74,43811,14.35,9.77
01-09-2015,229.76,229.78,223.41,226.78,45560,6.37,2.98
02-09-2015,226.51,231.81,222.08,227.96,101474,9.73,-1.45
03-09-2015,228.01,233.81,227.61,229.06,475427,6.2,-1.05
04-09-2015,229.41,229.41,216.88,218.61,509637,12.53,10.8
07-09-2015,220.56,223.76,215.04,216.61,494941,8.72,3.95
08-09-2015,216.81,220.91,213.68,217.58,95131,7.23,-0.77
09-09-2015,219.01,222.04,217.56,218.66,33273,4.48,0.35
10-09-2015,218.01,223.48,217.01,221.68,70357,6.47,-3.67
11-09-2015,223.64,225.26,221.51,222.21,111242,3.75,1.43
14-09-2015,222.01,223.98,219.11,222.94,75676,4.87,-0.93
15-09-2015,223.08,225.24,222.98,224.14,81153,2.26,-1.06
16-09-2015,220.01,221.86,216.78,220.68,29070,5.08,-0.67
18-09-2015,220.51,222.56,216.41,217.48,55419,6.15,3.03
21-09-2015,217.51,220.21,215.01,217.46,23771,5.2,0.05
22-09-2015,218.54,218.78,215.01,217.04,41804,3.77,1.5
23-09-2015,215.58,215.96,212.51,213.76,53825,3.45,1.82
24-09-2015,215.11,217.26,212.54,215.84,62901,4.72,-0.73
28-09-2015,214.51,215.38,210.64,211.16,48476,4.74,3.35
29-09-2015,210.01,214.48,210.01,213.26,58755,4.47,-3.25
30-09-2015,213.41,214.36,206.21,211.38,146412,8.15,2.03
01-10-2015,213.28,216.01,212.01,215.34,60988,4,-2.06
05-10-2015,215.51,221.71,215.38,219.78,61677,6.33,-4.27
06-10-2015,221.01,224.08,219.01,222.26,50463,5.07,-1.25
07-10-2015,224.14,229.48,224.14,228.14,63129,5.34,-4
08-10-2015,228.51,231.71,226.51,231.01,31756,5.2,-2.5
09-10-2015,233.24,233.37,226.51,228.31,42650,6.86,4.93
12-10-2015,227.21,230.04,220.41,224.01,76207,9.63,3.2
13-10-2015,222.24,226.01,222.21,224.46,28260,3.8,-2.22
14-10-2015,222.64,225.11,221.01,221.86,19015,4.1,0.78
15-10-2015,222.61,223.28,220.96,221.14,65029,2.32,1.47
16-10-2015,221.11,223.01,220.76,221.74,16505,2.25,-0.63
19-10-2015,222.51,224.01,220.51,221.36,20991,3.5,1.15
20-10-2015,220.88,221.56,217.64,219.11,52490,3.92,1.77
21-10-2015,218.51,218.78,216.01,218.16,50120,2.77,0.35
23-10-2015,218.26,220.54,216.46,217.71,42965,4.08,0.55
26-10-2015,217.51,217.51,208.06,208.71,108709,9.45,8.8
27-10-2015,209.01,209.01,203.01,203.81,177869,6,5.2
28-10-2015,204.11,204.11,198.91,200.96,147159,5.2,3.15
29-10-2015,203.46,205.38,200.01,201.64,151828,5.37,1.82
30-10-2015,204.36,204.36,201.81,202.96,48776,2.55,1.4
02-11-2015,203.01,203.01,198.51,200.48,59468,4.5,2.53
03-11-2015,202.51,203.96,200.56,202.04,28631,3.4,0.47
04-11-2015,205.46,205.46,201.21,202.08,30472,4.25,3.38
05-11-2015,201.26,203.36,200.76,201.98,64060,2.6,-0.72
06-11-2015,201.71,202.01,199.04,200.74,36366,2.97,0.97
09-11-2015,200.51,200.94,197.51,199.36,38739,3.43,1.15
10-11-2015,202.01,202.01,194.26,195.41,101465,7.75,6.6
11-11-2015,195.11,201.01,195.06,196.36,27795,5.95,-1.25
13-11-2015,194.86,194.86,181.14,186.24,344011,13.72,8.62
16-11-2015,184.58,185.11,171.01,179.66,258520,14.1,4.92
17-11-2015,181.01,182.01,179.51,181.48,90411,2.5,-0.47
18-11-2015,182.01,183.78,180.01,182.31,148131,3.77,-0.3
19-11-2015,182.56,182.58,179.71,181.44,56313,2.87,1.12
20-11-2015,181.86,182.48,179.34,181.78,91293,3.14,0.08
23-11-2015,182.01,185.18,181.04,184.66,132940,4.14,-2.65
24-11-2015,186.16,187.18,182.01,185.96,79006,5.17,0.2
26-11-2015,186.46,191.48,183.56,190.06,102812,7.92,-3.6
27-11-2015,190.01,190.51,187.01,189.28,55760,3.5,0.73
30-11-2015,190.01,190.66,185.68,189.36,129498,4.98,0.65
01-12-2015,190.51,194.84,189.06,194.21,85680,5.78,-3.7
02-12-2015,194.01,194.91,188.51,193.41,54333,6.4,0.6
03-12-2015,192.51,196.01,190.51,193.48,68056,5.5,-0.97
04-12-2015,193.51,198.48,191.51,197.31,87566,6.97,-3.8
07-12-2015,197.51,198.81,191.38,193.56,115109,7.43,3.95
08-12-2015,193.51,193.51,185.36,187.01,82184,8.15,6.5
09-12-2015,187.36,187.94,183.81,186.68,32914,4.13,0.68
10-12-2015,186.78,187.18,180.51,183.96,57549,6.67,2.82
11-12-2015,184.01,187.66,182.54,186.74,30057,5.12,-2.73
14-12-2015,186.51,186.76,182.91,183.78,276526,3.85,2.73
15-12-2015,184.56,186.04,180.54,182.38,654920,5.5,2.18
16-12-2015,182.56,189.26,182.51,188.14,154602,6.75,-5.58
17-12-2015,190.01,191.11,186.61,188.38,46703,4.5,1.63
18-12-2015,188.11,190.01,186.51,187.81,17447,3.5,0.3
21-12-2015,186.68,189.16,185.86,187.78,153099,3.3,-1.1
22-12-2015,188.51,189.94,186.14,186.64,54201,3.8,1.87
23-12-2015,187.11,188.98,186.51,188.24,36759,2.47,-1.13
24-12-2015,188.51,194.76,188.51,193.84,105764,6.25,-5.33
28-12-2015,194.51,203.41,192.88,199.91,84096,10.53,-5.4
29-12-2015,200.76,203.01,193.98,195.51,86637,9.03,5.25
30-12-2015,196.38,199.31,194.11,196.41,53240,5.2,-0.03
31-12-2015,196.51,197.16,182.56,189.26,199069,14.6,7.25
01-01-2016,194.51,196.51,192.54,195.04,89744,3.97,-0.53
04-01-2016,195.01,201.44,194.46,199.56,101681,6.98,-4.55
05-01-2016,200.51,202.71,198.54,201.78,40814,4.17,-1.27
06-01-2016,200.94,206.14,199.01,200.14,80373,7.13,0.8
07-01-2016,199.36,199.36,192.56,193.58,99345,6.8,5.78
08-01-2016,195.01,198.01,194.14,196.88,107528,3.87,-1.87
11-01-2016,195.51,195.51,187.56,188.46,199010,7.95,7.05
12-01-2016,188.46,189.48,184.54,187.36,96187,4.94,1.1
13-01-2016,188.64,189.26,180.01,182.26,103781,9.25,6.38
14-01-2016,182.01,182.01,178.51,179.51,100991,3.5,2.5
15-01-2016,180.01,181.56,176.81,177.71,274269,4.75,2.3
18-01-2016,177.94,177.94,171.51,173.54,355139,6.43,4.4
19-01-2016,172.46,172.46,166.06,171.08,129142,6.4,1.38
20-01-2016,171.01,171.01,167.51,170.18,79201,3.5,0.83
21-01-2016,170.51,170.84,165.78,166.81,52971,5.06,3.7
22-01-2016,169.46,172.21,166.66,171.58,77882,5.55,-2.12
25-01-2016,174.51,174.76,170.76,172.98,75496,4,1.53
27-01-2016,173.51,174.01,170.51,173.71,28727,3.5,-0.2
28-01-2016,174.91,175.24,171.34,174.11,27843,3.9,0.8
29-01-2016,175.01,177.51,172.08,176.46,70276,5.43,-1.45
01-02-2016,176.54,179.96,174.31,178.34,30126,5.65,-1.8
02-02-2016,176.71,176.71,172.01,173.66,33843,4.7,3.05
03-02-2016,171.61,174.61,167.26,170.64,63307,7.35,0.97
04-02-2016,173.41,175.91,169.26,170.96,63784,6.65,2.45
05-02-2016,173.98,173.98,169.04,170.76,378112,4.94,3.22
08-02-2016,170.51,171.54,167.26,167.91,61401,4.28,2.6
09-02-2016,166.51,170.74,164.86,169.74,41614,5.88,-3.23
10-02-2016,167.01,168.06,165.51,165.98,25353,2.55,1.03
11-02-2016,166.01,166.91,159.33,163.38,51002,7.58,2.63
12-02-2016,165.51,165.51,155.88,158.03,106045,9.63,7.48
15-02-2016,162.41,162.41,158.83,161.33,48533,3.58,1.08
16-02-2016,164.21,165.01,159.01,159.91,48040,6,4.3
17-02-2016,160.01,160.18,155.28,158.28,59660,4.9,1.73
18-02-2016,160.01,163.88,159.01,162.21,68737,4.87,-2.2
19-02-2016,161.76,162.96,158.01,161.26,60538,4.95,0.5
22-02-2016,162.51,162.51,159.61,160.23,31641,2.9,2.28
23-02-2016,162.26,162.51,159.01,159.73,42652,3.5,2.53
24-02-2016,157.66,160.86,157.66,159.08,21999,3.2,-1.42
25-02-2016,159.73,161.03,158.06,158.73,34200,2.97,1
26-02-2016,160.71,160.98,158.81,159.11,37923,2.17,1.6
29-02-2016,160.01,161.18,153.01,154.76,99375,8.17,5.25
01-03-2016,154.76,154.96,150.26,150.76,141084,4.7,4
02-03-2016,151.01,154.33,151.01,153.16,105869,3.32,-2.15
03-03-2016,153.46,157.11,151.43,154.31,170378,5.68,-0.85
04-03-2016,154.73,156.86,154.03,154.53,91956,2.83,0.2
08-03-2016,157.51,158.88,154.83,155.58,159183,4.05,1.93
09-03-2016,155.01,156.23,153.71,154.66,53427,2.52,0.35
10-03-2016,157.51,157.51,154.51,154.76,84528,3,2.75
11-03-2016,155.51,156.26,155.01,155.46,82707,1.25,0.05
14-03-2016,156.63,157.06,154.71,155.41,48461,2.35,1.22
15-03-2016,155.01,155.01,153.76,154.08,42256,1.25,0.93
16-03-2016,154.51,154.83,151.01,151.81,89946,3.82,2.7
17-03-2016,155.01,155.01,152.66,153.16,93675,2.35,1.85
18-03-2016,153.51,157.13,153.51,156.28,134291,3.62,-2.77
21-03-2016,157.01,159.83,156.51,158.61,155061,3.32,-1.6
22-03-2016,159.01,160.93,157.63,159.08,135917,3.3,-0.07
23-03-2016,159.01,160.21,157.51,158.53,53459,2.7,0.48
28-03-2016,159.76,159.76,156.41,157.68,38622,3.35,2.08
29-03-2016,156.03,157.76,154.51,156.11,46547,3.25,-0.08
30-03-2016,157.26,158.21,155.68,157.53,29781,2.53,-0.27
31-03-2016,157.53,157.53,155.63,156.73,41507,1.9,0.8
01-04-2016,157.36,158.76,156.41,158.18,25865,2.35,-0.82
04-04-2016,159.51,159.51,156.08,157.48,551126,3.43,2.03
05-04-2016,157.41,157.56,156.16,157.46,838586,1.4,-0.05
06-04-2016,156.51,161.26,155.76,159.56,238614,5.5,-3.05
07-04-2016,160.23,161.51,158.06,159.06,141444,3.45,1.17
08-04-2016,159.01,159.23,157.51,158.01,19397,1.72,1
11-04-2016,159.51,161.11,158.13,158.71,26502,2.98,0.8
12-04-2016,159.11,160.01,157.73,159.03,34704,2.28,0.08
13-04-2016,161.01,162.01,159.76,160.11,58358,2.25,0.9
18-04-2016,160.01,160.01,156.21,156.86,50973,3.8,3.15
20-04-2016,157.26,157.93,156.66,157.43,47038,1.27,-0.17
21-04-2016,158.26,159.51,158.03,158.51,28751,1.48,-0.25
22-04-2016,157.68,159.23,157.68,158.78,28181,1.55,-1.1
25-04-2016,159.51,159.61,157.26,158.46,56295,2.35,1.05
26-04-2016,158.46,159.81,157.71,159.31,34986,2.1,-0.85
27-04-2016,159.51,166.01,159.21,163.91,262788,6.8,-4.4
28-04-2016,164.26,166.74,164.13,164.96,129109,2.61,-0.7
29-04-2016,165.51,168.26,164.73,165.68,84656,3.53,-0.17
02-05-2016,165.68,168.51,165.48,167.64,54905,3.03,-1.96
03-05-2016,168.01,169.84,167.04,168.51,90705,2.8,-0.5
04-05-2016,168.51,168.51,163.08,164.28,73694,5.43,4.23
05-05-2016,163.51,165.01,159.88,160.98,53637,5.13,2.53
06-05-2016,161.01,164.96,160.08,164.23,44062,4.88,-3.22
09-05-2016,166.01,166.86,164.33,166.26,44438,2.53,-0.25
10-05-2016,166.01,170.04,161.76,163.18,352892,8.28,2.83
11-05-2016,163.76,165.01,161.16,163.53,84590,3.85,0.23
12-05-2016,165.08,165.38,162.21,163.11,84950,3.17,1.97
13-05-2016,162.76,164.96,161.28,164.31,34911,3.68,-1.55
16-05-2016,165.01,165.38,162.63,164.76,34047,2.75,0.25
17-05-2016,166.51,172.01,166.46,170.71,139291,5.55,-4.2
18-05-2016,170.71,173.34,170.71,172.54,77786,2.63,-1.83
19-05-2016,173.36,173.36,169.11,170.61,92701,4.25,2.75
20-05-2016,171.14,171.31,168.94,169.56,23471,2.37,1.58
23-05-2016,169.51,172.51,168.56,170.08,46522,3.95,-0.57
24-05-2016,171.46,173.14,169.36,171.41,51593,3.78,0.05
25-05-2016,171.96,172.58,170.51,171.14,90661,2.07,0.82
26-05-2016,173.14,175.61,172.24,173.88,50492,3.37,-0.74
27-05-2016,174.38,177.44,172.56,174.64,126460,4.88,-0.26
30-05-2016,175.01,176.96,171.51,174.86,42718,5.45,0.15
31-05-2016,175.01,178.21,173.91,175.26,3124,4.3,-0.25
01-06-2016,175.38,177.01,173.04,175.64,49336,3.97,-0.26
02-06-2016,176.01,177.36,173.74,176.41,25062,3.62,-0.4
03-06-2016,175.64,177.64,175.01,175.64,45815,2.63,0
06-06-2016,176.11,177.01,174.26,175.64,38502,2.75,0.47
07-06-2016,176.51,176.74,174.28,176.08,21813,2.46,0.43
08-06-2016,175.51,178.01,175.34,176.08,30772,2.67,-0.57
09-06-2016,177.46,181.41,176.56,179.24,71989,4.85,-1.78
10-06-2016,176.71,180.91,176.71,178.58,36898,4.2,-1.87
13-06-2016,178.11,178.48,174.78,175.21,22824,3.7,2.9
14-06-2016,174.94,176.31,174.81,175.36,30351,1.5,-0.42
15-06-2016,175.84,176.01,174.48,174.96,14083,1.53,0.88
16-06-2016,175.01,179.01,173.44,176.14,56019,5.57,-1.13
17-06-2016,174.06,176.71,173.68,175.04,88752,3.03,-0.98
20-06-2016,174.68,177.38,174.01,176.26,23502,3.37,-1.58
21-06-2016,176.38,179.41,176.38,177.94,34059,3.03,-1.56
22-06-2016,178.21,180.34,177.51,178.36,40049,2.83,-0.15
23-06-2016,178.51,180.26,177.86,179.18,40424,2.4,-0.67
24-06-2016,175.01,178.06,172.64,175.34,76210,5.42,-0.33
27-06-2016,175.84,178.01,173.34,174.14,85310,4.67,1.7
28-06-2016,175.01,177.14,172.51,173.31,52455,4.63,1.7
29-06-2016,174.01,177.01,174.01,175.78,28743,3,-1.77
30-06-2016,176.51,176.81,174.01,176.16,38160,2.8,0.35
01-07-2016,175.51,185.01,175.01,182.04,90541,10,-6.53
04-07-2016,185.01,189.68,183.84,186.14,111977,5.84,-1.13
05-07-2016,187.51,189.26,185.06,186.61,54224,4.2,0.9
07-07-2016,186.51,188.01,183.21,183.96,52916,4.8,2.55
08-07-2016,184.21,184.21,179.26,180.36,42941,4.95,3.85
11-07-2016,180.01,184.51,180.01,181.61,28403,4.5,-1.6
12-07-2016,182.01,184.64,181.86,182.88,34974,2.78,-0.87
13-07-2016,186.01,190.46,185.16,185.94,2630183,5.3,0.07
14-07-2016,184.71,185.36,182.71,184.36,234132,2.65,0.35
15-07-2016,185.01,188.51,183.71,186.68,81951,4.8,-1.67
18-07-2016,185.01,185.01,180.01,181.36,237432,5,3.65
19-07-2016,188.51,188.51,179.98,184.44,74791,8.53,4.07
20-07-2016,187.36,187.36,184.76,186.18,50301,2.6,1.18
21-07-2016,187.51,189.34,186.31,187.48,144239,3.03,0.03
22-07-2016,188.74,189.31,186.06,187.48,55745,3.25,1.26
25-07-2016,187.74,188.51,186.94,187.96,438601,1.57,-0.22
26-07-2016,188.11,188.11,185.78,186.48,176195,2.33,1.63
27-07-2016,186.96,188.01,185.98,187.06,53831,2.03,-0.1
28-07-2016,186.04,187.38,184.01,184.88,77677,3.37,1.16
29-07-2016,184.64,185.56,182.51,183.34,45850,3.05,1.3
01-08-2016,186.61,186.61,182.76,184.44,54314,3.85,2.17
02-08-2016,184.01,185.54,182.36,184.36,49252,3.18,-0.35
03-08-2016,187.51,187.51,182.56,182.86,32884,4.95,4.65
04-08-2016,185.01,185.71,182.96,184.01,13471,2.75,1
05-08-2016,185.91,188.06,184.16,187.44,83205,3.9,-1.53
08-08-2016,187.51,187.61,184.01,186.68,54356,3.6,0.83
09-08-2016,187.51,188.74,185.31,185.81,143646,3.43,1.7
10-08-2016,186.01,187.01,181.34,182.01,73651,5.67,4
11-08-2016,180.54,183.38,180.08,182.68,45526,3.3,-2.14
12-08-2016,182.64,185.88,182.64,184.84,43241,3.24,-2.2
16-08-2016,184.51,186.08,183.74,184.68,34288,2.34,-0.17
17-08-2016,184.66,185.51,184.46,185.18,26001,1.05,-0.52
18-08-2016,185.01,187.71,184.71,187.26,95859,3,-2.25
19-08-2016,187.51,188.56,186.56,187.24,90969,2,0.27
22-08-2016,187.51,188.78,185.81,186.38,52124,2.97,1.13
23-08-2016,186.01,186.66,185.16,185.64,33016,1.5,0.37
24-08-2016,187.01,193.91,186.91,193.41,169948,7,-6.4
25-08-2016,194.51,195.01,190.26,191.86,85572,4.75,2.65
26-08-2016,192.71,194.38,190.51,192.26,105998,3.87,0.45
29-08-2016,192.01,193.26,191.06,191.98,46088,2.2,0.03
30-08-2016,192.51,193.58,192.04,192.54,83804,1.54,-0.03
31-08-2016,193.01,195.96,191.01,192.01,302209,4.95,1
01-09-2016,191.98,194.41,191.06,191.96,70540,3.35,0.02
02-09-2016,191.56,194.51,191.51,192.84,50571,3,-1.28
06-09-2016,194.96,195.74,193.51,194.64,102290,2.23,0.32
07-09-2016,197.51,201.01,193.98,196.94,1721135,7.03,0.57
08-09-2016,196.58,199.26,196.58,198.44,462977,2.68,-1.86
09-09-2016,198.51,201.86,195.96,199.84,153052,5.9,-1.33
12-09-2016,196.51,199.01,195.08,198.01,92313,3.93,-1.5
14-09-2016,197.51,198.98,195.21,198.48,125580,3.77,-0.97
15-09-2016,195.01,197.01,193.44,196.24,150483,3.57,-1.23
16-09-2016,198.01,201.26,195.91,200.44,100979,5.35,-2.43
19-09-2016,202.51,202.51,198.56,200.78,83922,3.95,1.73
20-09-2016,201.01,203.66,199.66,202.61,97321,4,-1.6
21-09-2016,203.51,203.56,201.41,202.21,196024,2.15,1.3
22-09-2016,202.04,204.36,202.04,203.14,39369,2.32,-1.1
23-09-2016,203.24,203.51,201.08,202.04,37884,2.43,1.2
26-09-2016,200.51,202.31,198.54,201.71,58760,3.77,-1.2
27-09-2016,203.01,205.51,202.04,203.96,96789,3.47,-0.95
28-09-2016,203.51,204.98,200.76,201.54,259774,4.22,1.97
29-09-2016,203.56,204.64,196.01,199.56,127090,8.63,4
30-09-2016,199.51,202.66,197.01,199.98,213613,5.65,-0.47
03-10-2016,201.01,208.61,201.01,207.34,178785,7.6,-6.33
04-10-2016,207.51,210.44,206.76,207.91,59061,3.68,-0.4
05-10-2016,207.51,209.06,203.66,205.44,64972,5.4,2.07
06-10-2016,206.64,210.51,204.06,206.14,146190,6.45,0.5
07-10-2016,206.51,209.21,206.51,207.66,126694,2.7,-1.15
10-10-2016,210.11,210.71,205.51,206.16,57965,5.2,3.95
13-10-2016,206.01,209.96,206.01,207.14,43049,3.95,-1.13
14-10-2016,209.01,210.28,206.51,208.61,304264,3.77,0.4
17-10-2016,210.01,210.61,206.24,206.68,97512,4.37,3.33
18-10-2016,208.74,209.26,202.46,204.54,50085,6.8,4.2
19-10-2016,204.74,207.78,204.71,206.51,27534,3.07,-1.77
20-10-2016,208.01,209.48,206.51,207.38,25152,2.97,0.63
21-10-2016,206.38,208.11,205.66,207.24,17203,2.45,-0.86
24-10-2016,206.66,210.51,206.66,208.84,319849,3.85,-2.18
25-10-2016,208.51,209.81,206.71,207.14,22961,3.1,1.37
26-10-2016,206.76,207.96,205.21,205.88,19024,2.75,0.88
27-10-2016,205.51,209.96,205.06,206.11,49202,4.9,-0.6
28-10-2016,206.51,208.51,204.46,208.01,130309,4.05,-1.5
30-10-2016,210.01,210.01,207.61,208.54,7752,2.4,1.47
01-11-2016,208.51,209.98,206.28,209.01,323990,3.7,-0.5
02-11-2016,207.46,208.46,204.01,205.66,394032,4.45,1.8
03-11-2016,205.01,205.76,203.01,204.21,44810,2.75,0.8
04-11-2016,204.26,205.51,199.34,201.81,152619,6.17,2.45
07-11-2016,201.76,204.68,201.76,203.41,32298,2.92,-1.65
08-11-2016,204.31,205.51,203.06,204.71,72646,2.45,-0.4
09-11-2016,202.51,202.51,189.41,201.68,68157,13.1,0.83
10-11-2016,204.08,206.01,203.66,205.26,30676,2.35,-1.18
11-11-2016,273.35,274.08,267.61,270.38,609,6.47,2.97
15-11-2016,200.01,204.01,198.96,202.24,39168,5.05,-2.23
16-11-2016,206.46,207.26,202.51,204.38,66508,4.75,2.08
17-11-2016,203.26,205.51,202.38,204.01,25098,3.13,-0.75
18-11-2016,204.84,210.71,204.31,209.38,59945,6.4,-4.54
21-11-2016,209.38,212.88,207.04,208.44,74924,5.84,0.94
22-11-2016,209.51,216.01,209.51,214.08,278278,6.5,-4.57
23-11-2016,215.14,215.36,211.76,213.64,76531,3.6,1.5
24-11-2016,219.01,223.01,217.51,219.74,333417,5.5,-0.73
25-11-2016,221.01,221.76,218.01,218.46,129694,3.75,2.55
28-11-2016,218.51,222.48,212.51,213.91,396561,9.97,4.6
29-11-2016,211.96,213.58,206.76,207.61,188073,6.82,4.35
30-11-2016,209.01,210.68,205.64,209.68,115224,5.04,-0.67
01-12-2016,214.01,217.71,212.01,214.41,339627,5.7,-0.4
02-12-2016,213.68,216.51,213.04,213.54,179573,3.47,0.14
05-12-2016,214.01,220.16,214.01,217.61,251141,6.15,-3.6
06-12-2016,219.98,220.06,217.68,218.41,39375,2.38,1.57
07-12-2016,218.71,219.44,216.51,218.34,81686,2.93,0.37
08-12-2016,218.48,222.28,218.21,221.26,185283,4.07,-2.78
09-12-2016,222.51,223.08,221.26,221.48,58425,1.82,1.03
12-12-2016,302.55,302.55,294.71,295.51,672,7.84,7.04
13-12-2016,222.01,224.08,220.81,221.96,35848,3.27,0.05
14-12-2016,216.51,225.96,215.51,223.51,62385,10.45,-7
15-12-2016,221.01,225.51,218.51,220.58,47525,7,0.43
16-12-2016,219.86,221.66,218.01,219.66,25515,3.65,0.2
19-12-2016,220.31,223.36,220.01,220.54,30934,3.35,-0.23
20-12-2016,223.71,223.71,218.01,218.61,52055,5.7,5.1
21-12-2016,220.51,221.76,218.61,219.14,56096,3.15,1.37
22-12-2016,220.01,222.01,218.54,219.28,43058,3.47,0.73
23-12-2016,222.51,222.51,218.01,218.46,29327,4.5,4.05
26-12-2016,220.51,220.51,214.21,214.84,37320,6.3,5.67
27-12-2016,215.01,219.01,213.38,218.04,60051,5.63,-3.03
28-12-2016,218.61,219.91,217.28,218.61,34240,2.63,0
29-12-2016,219.14,222.44,219.14,222.18,42922,3.3,-3.04
30-12-2016,222.18,226.01,221.01,225.34,81387,5,-3.16
02-01-2017,226.54,230.56,225.76,227.46,148689,4.8,-0.92
03-01-2017,228.01,231.34,227.81,229.24,95847,3.53,-1.23
04-01-2017,231.46,232.26,227.56,228.46,56183,4.7,3
05-01-2017,228.51,235.19,228.51,232.96,104786,6.68,-4.45
06-01-2017,235.44,240.49,234.17,238.24,288430,6.32,-2.8
09-01-2017,239.01,241.89,237.51,238.99,159525,4.38,0.02
10-01-2017,239.14,242.41,237.54,240.91,108434,4.87,-1.77
11-01-2017,241.91,244.97,234.79,241.34,197932,10.18,0.57
12-01-2017,231.48,237.28,228.11,232.11,277815,9.17,-0.63
13-01-2017,233.18,234.01,230.41,231.74,64266,3.6,1.44
16-01-2017,232.01,232.01,227.38,228.94,74473,4.63,3.07
17-01-2017,230.61,231.91,227.28,227.84,40076,4.63,2.77
18-01-2017,228.11,228.38,223.78,224.88,65556,4.6,3.23
19-01-2017,225.34,225.34,221.34,223.48,65328,4,1.86
20-01-2017,224.01,224.68,217.01,218.44,88260,7.67,5.57
23-01-2017,218.48,225.61,218.48,224.04,59298,7.13,-5.56
24-01-2017,225.34,227.28,224.24,225.74,59774,3.04,-0.4
25-01-2017,227.04,228.91,224.68,225.34,88880,4.23,1.7
27-01-2017,226.71,229.68,225.34,225.84,69550,4.34,0.87
30-01-2017,226.01,227.34,223.04,224.41,63771,4.3,1.6
31-01-2017,225.21,227.01,217.81,220.01,221101,9.2,5.2
01-02-2017,221.34,221.98,218.08,220.91,130463,3.9,0.43
02-02-2017,226.68,228.34,222.78,226.74,85919,5.56,-0.06
03-02-2017,229.34,231.68,227.44,229.84,67234,4.24,-0.5
06-02-2017,230.61,233.88,230.61,231.98,84944,3.27,-1.37
07-02-2017,232.68,234.08,221.71,223.68,146382,12.37,9
08-02-2017,223.68,225.91,222.01,224.64,73729,3.9,-0.96
09-02-2017,225.11,232.08,223.78,230.14,212863,8.3,-5.03
10-02-2017,232.01,232.01,229.04,230.54,68289,2.97,1.47
13-02-2017,224.01,226.08,221.51,222.31,501,4.57,1.7
14-02-2017,222.34,226.21,222.34,224.58,56348,3.87,-2.24
15-02-2017,224.68,228.14,222.68,223.98,106552,5.46,0.7
16-02-2017,224.01,225.61,222.41,223.14,51833,3.2,0.87
17-02-2017,223.78,224.44,220.88,222.51,38979,3.56,1.27
20-02-2017,222.51,223.34,213.58,218.94,159819,9.76,3.57
21-02-2017,222.01,223.01,214.34,219.31,151726,8.67,2.7
22-02-2017,220.98,221.31,217.58,217.94,32668,3.73,3.04
23-02-2017,220.64,220.64,216.84,217.84,29916,3.8,2.8
27-02-2017,218.01,220.01,216.74,218.98,51510,3.27,-0.97
28-02-2017,218.98,220.11,216.68,218.28,31825,3.43,0.7
01-03-2017,220.01,222.34,219.04,221.58,99094,3.3,-1.57
02-03-2017,223.34,224.68,219.48,220.24,69388,5.2,3.1
03-03-2017,220.48,222.88,220.04,221.88,44279,2.84,-1.4
06-03-2017,222.68,226.51,222.04,225.61,101869,4.47,-2.93
07-03-2017,226.68,226.98,222.14,223.51,32640,4.84,3.17
08-03-2017,223.34,224.68,218.01,218.64,43997,6.67,4.7
09-03-2017,218.68,218.68,214.74,216.11,88326,3.94,2.57
10-03-2017,218.08,224.98,216.01,223.08,102715,8.97,-5
14-03-2017,226.64,226.68,221.54,223.18,79523,5.14,3.46
15-03-2017,225.68,225.68,221.11,222.14,29790,4.57,3.54
16-03-2017,223.84,225.68,222.31,224.88,52883,3.37,-1.04
17-03-2017,224.74,224.81,221.58,223.88,46703,3.23,0.86
20-03-2017,223.34,224.98,221.41,222.68,29892,3.57,0.66
21-03-2017,222.68,222.68,219.41,221.81,42163,3.27,0.87
22-03-2017,221.14,221.51,218.68,219.21,50796,2.83,1.93
23-03-2017,220.68,223.34,217.68,221.34,55203,5.66,-0.66
24-03-2017,220.01,223.41,220.01,221.84,25262,3.4,-1.83
27-03-2017,223.61,223.61,220.81,222.08,38125,2.8,1.53
28-03-2017,221.38,221.91,220.01,220.71,53718,1.9,0.67
29-03-2017,221.21,221.34,220.01,220.68,36192,1.33,0.53
30-03-2017,220.74,222.14,219.01,219.91,38074,3.13,0.83
31-03-2017,219.34,222.74,219.21,222.38,40150,3.53,-3.04
03-04-2017,222.34,222.34,220.01,220.38,24899,2.33,1.96
05-04-2017,220.68,222.21,220.01,221.01,498,2.2,-0.33
06-04-2017,220.91,223.64,220.31,222.31,499,3.33,-1.4
07-04-2017,223.34,225.44,221.68,222.41,502,3.76,0.93
10-04-2017,223.54,226.41,222.84,225.18,71240,3.57,-1.64
11-04-2017,226.21,228.68,224.14,225.08,861068,4.54,1.13
12-04-2017,225.61,225.68,222.08,222.61,37332,3.6,3
13-04-2017,222.68,224.08,221.68,222.84,68704,2.4,-0.16
17-04-2017,222.01,223.74,221.34,221.84,12970,2.4,0.17
18-04-2017,225.34,225.34,220.74,221.41,24867,4.6,3.93
19-04-2017,221.88,222.74,220.21,221.08,16535,2.53,0.8
20-04-2017,221.08,221.38,216.34,217.28,43373,5.04,3.8
21-04-2017,217.31,217.31,215.28,216.18,40984,2.03,1.13
24-04-2017,216.34,216.88,214.74,215.44,29762,2.14,0.9
25-04-2017,216.68,218.64,216.18,218.38,37504,2.46,-1.7
26-04-2017,218.81,218.81,216.41,217.04,16831,2.4,1.77
27-04-2017,217.64,218.01,213.68,215.61,34312,4.33,2.03
28-04-2017,215.54,218.64,214.74,218.11,55998,3.9,-2.57
02-05-2017,219.01,221.01,213.51,219.38,41687,7.5,-0.37
03-05-2017,222.01,222.44,218.71,219.84,49468,3.73,2.17
04-05-2017,220.01,222.24,220.01,221.28,31576,2.23,-1.27
05-05-2017,220.01,220.01,214.68,215.08,47476,5.33,4.93
08-05-2017,215.81,216.64,215.34,216.21,15727,1.3,-0.4
09-05-2017,217.34,217.54,215.21,216.84,22214,2.33,0.5
10-05-2017,216.81,217.81,215.74,216.48,23276,2.07,0.33
11-05-2017,216.44,217.71,211.61,212.01,70705,6.1,4.43
12-05-2017,210.71,214.01,206.78,212.64,85619,7.23,-1.93
15-05-2017,213.14,215.21,212.34,213.48,35533,2.87,-0.34
16-05-2017,215.34,217.28,214.01,215.04,32704,3.27,0.3
17-05-2017,214.71,216.18,213.34,213.78,52917,2.84,0.93
18-05-2017,213.88,214.61,210.74,211.51,29664,3.87,2.37
19-05-2017,212.54,213.34,210.01,211.11,30618,3.33,1.43
22-05-2017,211.94,213.61,209.18,209.94,67407,4.43,2
23-05-2017,211.34,211.51,207.04,208.18,53943,4.47,3.16
24-05-2017,207.74,209.08,201.68,203.58,61572,7.4,4.16
25-05-2017,206.68,208.01,202.54,205.04,49480,5.47,1.64
26-05-2017,206.08,207.91,203.34,207.31,47228,4.57,-1.23
29-05-2017,210.01,213.64,203.01,204.54,81113,10.63,5.47
30-05-2017,204.68,210.38,198.11,209.18,93720,12.27,-4.5
31-05-2017,209.31,209.91,203.88,204.81,64065,6.03,4.5
01-06-2017,205.31,205.34,201.44,202.54,49826,3.9,2.77
02-06-2017,202.68,203.74,199.61,200.34,49271,4.13,2.34
05-06-2017,200.68,203.34,199.71,201.18,38257,3.63,-0.5
06-06-2017,201.64,201.68,197.34,198.41,78874,4.34,3.23
07-06-2017,201.68,202.64,197.54,199.81,145608,5.1,1.87
08-06-2017,198.51,199.08,194.48,195.28,71339,4.6,3.23
09-06-2017,194.48,195.34,191.04,192.41,110357,4.3,2.07
12-06-2017,192.98,193.71,191.81,193.01,35494,1.9,-0.03
13-06-2017,193.91,197.21,192.54,196.68,441,4.67,-2.77
14-06-2017,196.48,197.11,194.01,196.31,439,3.1,0.17
15-06-2017,197.98,201.08,195.54,199.24,67192,5.54,-1.26
16-06-2017,201.08,204.48,196.01,196.54,61138,8.47,4.54
19-06-2017,196.68,196.71,194.01,195.14,27110,2.7,1.54
20-06-2017,194.01,197.51,194.01,196.51,31516,3.5,-2.5
21-06-2017,196.51,196.51,190.34,191.58,79247,6.17,4.93
22-06-2017,193.34,193.34,186.88,188.41,71081,6.46,4.93
23-06-2017,188.01,189.04,183.41,183.58,69342,5.63,4.43
27-06-2017,183.58,184.98,176.01,179.44,120144,8.97,4.14
28-06-2017,181.28,181.44,175.64,176.94,78113,5.8,4.34
29-06-2017,177.34,178.28,176.28,177.04,50834,2,0.3
30-06-2017,177.01,177.24,172.31,173.88,77768,4.93,3.13
03-07-2017,173.41,174.34,172.01,173.81,84414,2.33,-0.4
04-07-2017,174.08,177.34,173.54,176.21,35368,3.8,-2.13
05-07-2017,176.01,178.78,176.01,178.14,28911,2.77,-2.13
06-07-2017,180.01,180.01,177.08,177.81,49837,2.93,2.2
07-07-2017,177.38,177.38,175.08,175.84,35404,2.3,1.54
10-07-2017,176.01,178.61,175.91,177.14,75908,2.7,-1.13
11-07-2017,178.01,178.01,174.88,176.31,71456,3.13,1.7
12-07-2017,177.28,181.11,175.21,177.54,151986,5.9,-0.26
13-07-2017,177.94,179.08,176.74,177.14,59565,2.34,0.8
14-07-2017,176.68,180.01,175.61,179.41,77348,4.4,-2.73
17-07-2017,181.31,184.68,178.74,183.01,111107,5.94,-1.7
18-07-2017,183.01,185.08,181.58,184.64,47081,3.5,-1.63
19-07-2017,184.71,189.61,182.88,188.84,87399,6.73,-4.13
20-07-2017,193.11,193.11,186.68,187.94,207716,6.43,5.17
21-07-2017,192.01,192.01,187.51,188.28,42713,4.5,3.73
24-07-2017,188.01,189.54,185.61,187.54,25178,3.93,0.47
25-07-2017,187.98,188.51,185.51,186.38,47039,3,1.6
26-07-2017,187.81,188.18,186.01,188.01,29726,2.17,-0.2
27-07-2017,188.01,188.31,185.34,185.78,12482,2.97,2.23
28-07-2017,187.11,188.41,185.41,187.74,33202,3,-0.63
31-07-2017,187.58,195.48,187.34,192.84,33331,8.14,-5.26
01-08-2017,192.81,195.31,190.21,191.08,40804,5.1,1.73
02-08-2017,191.38,191.38,187.68,188.28,15584,3.7,3.1
03-08-2017,187.44,190.98,186.94,189.98,65104,4.04,-2.54
04-08-2017,191.34,191.34,187.58,189.31,36984,3.76,2.03
07-08-2017,191.34,193.18,189.38,191.98,66115,3.8,-0.64
08-08-2017,192.01,192.68,186.71,187.51,56313,5.97,4.5
09-08-2017,187.54,188.68,186.18,188.14,23757,2.5,-0.6
10-08-2017,186.28,189.74,184.61,187.84,71351,5.13,-1.56
11-08-2017,186.01,192.08,182.48,186.11,46489,9.6,-0.1
14-08-2017,187.68,188.71,183.88,186.68,94921,4.83,1
16-08-2017,187.34,191.68,185.34,190.14,30799,6.34,-2.8
17-08-2017,190.38,196.44,188.01,188.78,30588,8.43,1.6
18-08-2017,188.11,192.88,187.34,191.04,62001,5.54,-2.93
21-08-2017,191.04,194.61,181.34,181.94,126903,13.27,9.1
22-08-2017,182.01,184.68,181.21,183.84,49489,3.47,-1.83
23-08-2017,184.68,185.88,182.81,185.44,15067,3.07,-0.76
24-08-2017,186.01,189.61,184.84,188.88,36058,4.77,-2.87
28-08-2017,189.21,192.51,189.18,192.14,26021,3.33,-2.93
29-08-2017,192.54,194.21,189.44,193.08,61693,4.77,-0.54
30-08-2017,193.34,198.64,193.18,194.64,66934,5.46,-1.3
31-08-2017,195.54,196.28,188.08,190.41,58263,8.2,5.13
01-09-2017,191.34,197.24,191.34,196.74,46534,5.9,-5.4
04-09-2017,199.34,206.61,196.98,205.61,294591,9.63,-6.27
05-09-2017,206.68,208.51,204.01,205.61,59744,4.5,1.07
06-09-2017,204.81,207.91,204.81,205.51,52052,3.1,-0.7
07-09-2017,206.01,207.91,202.88,204.48,81125,5.03,1.53
08-09-2017,205.34,213.88,203.34,209.28,142973,10.54,-3.94
11-09-2017,209.34,221.34,208.84,220.14,203168,12.5,-10.8
12-09-2017,225.34,225.34,217.48,220.81,141000,7.86,4.53
13-09-2017,220.81,222.54,211.31,215.74,144699,11.23,5.07
14-09-2017,215.68,216.48,206.28,212.61,108743,10.2,3.07
15-09-2017,212.61,218.01,211.34,215.74,79429,6.67,-3.13
18-09-2017,219.94,219.94,213.04,216.88,78763,6.9,3.06
19-09-2017,216.68,220.01,214.91,219.68,74348,5.1,-3
20-09-2017,218.94,219.64,216.44,218.41,50930,3.2,0.53
21-09-2017,218.11,220.28,214.74,219.24,64723,5.54,-1.13
22-09-2017,218.48,221.34,214.84,219.24,735836,6.5,-0.76
25-09-2017,218.68,221.44,214.38,220.81,111324,7.06,-2.13
26-09-2017,222.18,233.28,222.01,232.78,297905,11.27,-10.6
27-09-2017,233.01,237.25,230.14,232.98,156037,7.11,0.03
28-09-2017,233.35,235.35,224.11,231.34,140255,11.24,2.01
29-09-2017,230.48,235.75,227.98,235.01,78929,7.77,-4.53
03-10-2017,235.01,237.21,232.54,236.25,39144,4.67,-1.24
04-10-2017,237.35,239.01,232.34,234.21,50687,6.67,3.14
05-10-2017,234.21,234.21,228.94,232.71,27650,5.27,1.5
06-10-2017,232.94,236.11,232.11,233.45,34146,4,-0.51
09-10-2017,233.45,233.58,228.71,229.91,37743,4.87,3.54
10-10-2017,230.68,235.75,229.61,234.71,48010,6.14,-4.03
11-10-2017,238.68,238.68,229.34,230.44,64012,9.34,8.24
12-10-2017,231.88,232.51,228.24,231.11,58199,4.27,0.77
13-10-2017,230.04,235.35,230.04,232.94,45530,5.31,-2.9
16-10-2017,234.95,234.95,230.68,231.71,19117,4.27,3.24
17-10-2017,233.24,233.24,229.34,229.98,32914,3.9,3.26
18-10-2017,229.68,231.64,228.01,228.61,15517,3.63,1.07
19-10-2017,228.71,229.84,226.74,227.18,7059,3.1,1.53
23-10-2017,227.34,229.04,222.54,225.64,38992,6.5,1.7
24-10-2017,226.68,230.68,224.54,229.44,42596,6.14,-2.76
25-10-2017,229.34,231.34,225.34,225.94,19373,6,3.4
26-10-2017,226.28,236.31,226.28,234.55,97470,10.03,-8.27
27-10-2017,235.61,236.15,231.61,233.91,43240,4.54,1.7
30-10-2017,235.68,252.01,235.61,250.41,197104,16.4,-14.73
31-10-2017,251.01,252.51,244.41,246.25,51470,8.1,4.76
01-11-2017,246.88,250.01,244.35,245.38,30225,5.66,1.5
02-11-2017,246.01,247.01,236.01,238.71,41519,11,7.3
03-11-2017,240.68,244.75,240.01,240.88,33006,4.74,-0.2
06-11-2017,241.35,248.68,241.35,247.11,116198,7.33,-5.76
07-11-2017,249.68,255.61,247.18,248.81,136027,8.43,0.87
08-11-2017,250.65,250.65,241.45,242.01,27900,9.2,8.64
09-11-2017,243.98,245.35,239.55,242.71,28778,5.8,1.27
10-11-2017,245.68,247.35,240.58,241.85,130481,6.77,3.83
13-11-2017,244.01,244.01,236.41,238.01,137539,7.6,6
14-11-2017,236.08,238.98,233.35,233.95,31746,5.63,2.13
15-11-2017,233.11,238.01,232.01,236.35,69450,6,-3.24
16-11-2017,234.01,236.78,232.68,233.14,47800,4.1,0.87
17-11-2017,240.01,240.01,234.25,235.38,8491,5.76,4.63
20-11-2017,236.18,239.35,233.98,235.31,18320,5.37,0.87
21-11-2017,237.15,237.15,234.65,236.11,13685,2.5,1.04
22-11-2017,239.35,245.91,236.38,242.15,66696,9.53,-2.8
23-11-2017,242.18,245.98,240.35,241.88,57536,5.63,0.3
24-11-2017,243.01,245.68,241.21,244.55,41495,4.47,-1.54
27-11-2017,247.41,249.35,240.25,247.31,57969,9.1,0.1
28-11-2017,246.31,249.95,244.01,248.81,30313,5.94,-2.5
29-11-2017,249.95,249.95,244.41,246.01,26648,5.54,3.94
30-11-2017,250.01,250.01,240.08,241.81,22356,9.93,8.2
01-12-2017,242.01,244.08,240.01,240.48,11884,4.07,1.53
04-12-2017,240.01,244.08,239.45,240.75,21246,4.63,-0.74
05-12-2017,241.35,241.35,234.95,236.18,12275,6.4,5.17
06-12-2017,236.01,236.38,231.01,231.78,18935,5.37,4.23
07-12-2017,233.58,235.01,230.41,231.91,27740,4.6,1.67
08-12-2017,235.95,241.35,234.85,240.48,46825,6.5,-4.53
11-12-2017,240.68,242.11,237.15,239.28,36129,4.96,1.4
12-12-2017,241.78,244.51,234.85,236.58,69903,9.66,5.2
13-12-2017,236.68,238.95,234.81,237.81,40892,4.14,-1.13
14-12-2017,239.91,240.31,231.98,236.15,26357,8.33,3.76
15-12-2017,243.31,243.31,232.44,237.18,22220,10.87,6.13
18-12-2017,240.01,240.01,229.34,234.88,32460,10.67,5.13
19-12-2017,235.01,238.21,234.88,235.61,13751,3.33,-0.6
20-12-2017,236.51,238.65,235.18,235.78,29322,3.47,0.73
21-12-2017,237.25,239.95,236.51,238.61,25241,3.44,-1.36
22-12-2017,240.01,241.08,238.01,239.11,37539,3.07,0.9
26-12-2017,242.01,242.51,236.85,238.05,49888,5.66,3.96
27-12-2017,242.65,242.65,238.68,240.11,37960,3.97,2.54
28-12-2017,240.75,251.25,240.01,249.61,101144,11.24,-8.86
29-12-2017,252.01,252.01,246.75,248.15,44782,5.26,3.86
01-01-2018,248.01,251.35,248.01,248.71,28707,3.34,-0.7
02-01-2018,251.35,251.35,244.05,248.15,34287,7.3,3.2
03-01-2018,250.01,253.81,248.61,250.85,55356,5.2,-0.84
04-01-2018,255.28,256.41,252.45,253.61,47573,3.96,1.67
05-01-2018,256.68,256.68,252.08,253.71,31626,4.6,2.97
08-01-2018,253.35,256.21,252.38,253.08,60892,3.83,0.27
09-01-2018,252.71,254.58,250.48,251.58,20714,4.1,1.13
10-01-2018,253.35,258.91,253.31,255.81,86658,5.6,-2.46
11-01-2018,258.65,258.65,253.91,255.65,29402,4.74,3
12-01-2018,255.65,259.25,254.25,255.85,49441,5,-0.2
15-01-2018,258.68,258.68,251.88,252.91,39030,6.8,5.77
16-01-2018,258.01,258.01,250.01,252.01,31720,8,6
17-01-2018,252.68,256.68,250.68,252.95,44593,6,-0.27
18-01-2018,253.35,255.28,249.01,250.75,28112,6.27,2.6
19-01-2018,251.35,252.65,247.81,249.51,30082,4.84,1.84
22-01-2018,250.01,256.05,245.15,247.68,99697,10.9,2.33
23-01-2018,248.81,251.65,247.58,249.88,26180,4.07,-1.07
24-01-2018,251.35,255.88,250.08,253.08,47933,5.8,-1.73
25-01-2018,253.35,258.18,252.71,255.05,62509,5.47,-1.7
29-01-2018,254.68,254.68,243.35,244.08,86961,11.33,10.6
30-01-2018,243.28,244.51,239.28,239.71,35431,5.23,3.57
31-01-2018,239.35,243.31,238.01,238.58,62584,5.3,0.77
01-02-2018,240.61,244.01,236.75,237.88,45907,7.26,2.73
02-02-2018,237.41,237.58,226.34,230.81,36016,11.24,6.6
05-02-2018,226.68,231.14,212.61,224.28,70189,18.53,2.4
06-02-2018,221.34,235.15,218.68,232.61,150534,16.47,-11.27
07-02-2018,234.68,245.01,234.68,238.85,263583,10.33,-4.17
08-02-2018,240.01,243.31,236.51,242.38,85430,6.8,-2.37
09-02-2018,237.41,241.18,236.68,237.58,111567,4.5,-0.17
12-02-2018,242.61,244.01,239.48,240.95,143735,4.53,1.66
14-02-2018,245.95,245.95,239.01,240.08,79304,6.94,5.87
15-02-2018,242.68,243.35,239.48,241.55,57572,3.87,1.13
16-02-2018,243.95,243.95,240.68,241.01,78904,3.27,2.94
19-02-2018,242.95,242.95,237.95,240.68,84920,5,2.27
20-02-2018,238.01,243.01,238.01,241.08,85302,5,-3.07
21-02-2018,230.01,231.51,227.34,228.54,264236,4.17,1.47
22-02-2018,228.54,228.54,220.28,223.74,51894,8.26,4.8
23-02-2018,228.01,231.34,225.34,229.34,30322,6,-1.33
26-02-2018,230.04,234.68,230.04,232.74,56385,4.64,-2.7
27-02-2018,232.74,236.11,231.71,233.35,61092,4.4,-0.61
28-02-2018,233.35,234.01,230.21,233.51,31141,3.8,-0.16
01-03-2018,233.35,235.91,230.71,233.35,38286,5.2,0
05-03-2018,231.34,234.48,231.34,233.31,18088,3.14,-1.97
06-03-2018,232.01,235.25,230.31,232.11,36073,4.94,-0.1
07-03-2018,231.14,231.14,224.01,225.21,46955,7.13,5.93
08-03-2018,225.21,225.81,217.34,218.74,33001,8.47,6.47
09-03-2018,219.34,221.58,213.28,214.38,57177,8.3,4.96
12-03-2018,218.01,218.61,215.41,217.88,28823,3.2,0.13
13-03-2018,217.34,220.78,217.01,219.74,100600,3.77,-2.4
14-03-2018,219.01,227.91,219.01,227.21,89384,8.9,-8.2
15-03-2018,228.01,230.01,224.34,225.01,56717,5.67,3
16-03-2018,225.34,226.01,222.44,224.94,71885,3.57,0.4
19-03-2018,226.18,230.01,223.44,224.24,40562,6.57,1.94
20-03-2018,227.34,227.34,218.14,218.91,98689,9.2,8.43
21-03-2018,218.91,222.68,218.91,220.21,55710,3.77,-1.3
22-03-2018,218.74,229.58,218.74,227.34,266280,10.84,-8.6
23-03-2018,227.34,234.35,222.01,232.84,296114,12.34,-5.5
26-03-2018,234.75,234.75,224.81,227.81,112350,9.94,6.94
27-03-2018,226,226,213.45,216.9,153189,12.55,9.1
28-03-2018,219,219,214.1,215.3,155603,4.9,3.7
02-04-2018,219,226.5,217,225.15,44816,9.5,-6.15
03-04-2018,226.5,226.5,220.25,221.05,31188,6.25,5.45
04-04-2018,222,222.2,216.05,216.75,34189,6.15,5.25
05-04-2018,222,222,215.5,217.55,26915,6.5,4.45
06-04-2018,217.05,219.5,216.4,217.95,23564,3.1,-0.9
09-04-2018,216.75,217.6,213.5,215.9,78550,4.1,0.85
10-04-2018,218.1,218.2,216.65,217.1,17698,1.55,1
11-04-2018,218.05,227,218.05,220.5,117990,8.95,-2.45
12-04-2018,224,224,216.05,217.55,38422,7.95,6.45
13-04-2018,218.55,220.45,217.2,219.4,30594,3.25,-0.85
16-04-2018,219,219,214,218.25,15085,5,0.75
17-04-2018,218.1,218.8,216.75,218.1,12381,2.05,0
18-04-2018,218,219,217.2,218.15,13504,1.8,-0.15
19-04-2018,220.6,226,220.25,225.25,79052,5.75,-4.65
20-04-2018,227.4,231.55,225.25,230.6,49614,6.3,-3.2
23-04-2018,229.75,233.2,227,231.55,30839,6.2,-1.8
24-04-2018,234,240.8,232.8,236.55,58968,8,-2.55
25-04-2018,242,242,228.15,231.6,20244,13.85,10.4
26-04-2018,233,237.45,231.25,233.3,21919,6.2,-0.3
27-04-2018,235,235,227.6,231,27353,7.4,4
30-04-2018,231,232.6,227.65,232,19157,4.95,-1
02-05-2018,232,232,220.1,222.05,26905,11.9,9.95
03-05-2018,222.15,230.9,222.15,229.55,44945,8.75,-7.4
04-05-2018,220.6,228.1,220,221.4,60481,8.1,-0.8
07-05-2018,224,229.15,224,228.1,36210,5.15,-4.1
08-05-2018,230,236,225.55,227.2,29422,10.45,2.8
09-05-2018,227,233.85,227,229.65,27706,6.85,-2.65
10-05-2018,237.5,237.5,226.15,230.35,36093,11.35,7.15
11-05-2018,230.85,237,230.85,235.2,33810,6.15,-4.35
14-05-2018,235.4,237.9,233.55,236.35,31904,4.35,-0.95
15-05-2018,234.1,241.7,234.1,236.1,20337,7.6,-2
16-05-2018,237.05,239.25,235,237.1,18430,4.25,-0.05
17-05-2018,238.1,243.95,236.5,242.7,40842,7.45,-4.6
18-05-2018,244.1,247.45,241,243.45,39462,6.45,0.65
21-05-2018,244.4,245.4,237.75,238.7,26977,7.65,5.7
22-05-2018,238,244.15,235.8,238.55,17795,8.35,-0.55
23-05-2018,239.4,239.4,230,230.55,25486,9.4,8.85
24-05-2018,238,238,204.65,214.8,1015451,33.35,23.2
25-05-2018,212,220.7,211.25,218.3,86142,9.45,-6.3
28-05-2018,217,224.8,217,221.3,97372,7.8,-4.3
29-05-2018,227,232.35,222.85,225.6,131226,9.5,1.4
30-05-2018,225,227,214.65,217.3,76779,12.35,7.7
31-05-2018,216.5,220.8,213.25,216.25,40644,7.55,0.25
01-06-2018,219,219.75,214.2,215.2,28951,5.55,3.8
04-06-2018,214.5,219.8,213.45,218.35,31332,6.35,-3.85
05-06-2018,217,219.7,212.35,214.55,44326,7.35,2.45
06-06-2018,213.3,218,213.25,216.3,17218,4.75,-3
07-06-2018,214,223.3,214,222.1,40695,9.3,-8.1
08-06-2018,222.65,223.9,216,219.1,39411,7.9,3.55
11-06-2018,221.1,222.4,218.15,219.05,14825,4.25,2.05
12-06-2018,219.35,225.85,219.35,224.05,27772,6.5,-4.7
13-06-2018,227,228,222.25,222.9,24257,5.75,4.1
14-06-2018,224,224.75,220.1,222.55,9506,4.65,1.45
15-06-2018,221,222.75,220.1,221.2,10535,2.65,-0.2
18-06-2018,219,223.5,215.7,217.6,30833,7.8,1.4
19-06-2018,216.1,219.75,213.5,216.1,27275,6.25,0
20-06-2018,214.4,216.5,209.2,212.1,31854,7.3,2.3
21-06-2018,211.7,214.15,209.35,210.7,19670,4.8,1
22-06-2018,211.75,211.75,208.45,210.4,12254,3.3,1.35
25-06-2018,210.2,212.65,204.55,208.1,38140,8.1,2.1
26-06-2018,210,213.95,208.4,211.9,32225,5.55,-1.9
27-06-2018,212.8,213.75,206.1,208.3,20361,7.65,4.5
28-06-2018,208.3,213,200,202.05,39102,13,6.25
29-06-2018,202,210.45,202,209.65,27623,8.45,-7.65
02-07-2018,210.9,211,206.45,207.7,19056,4.55,3.2
03-07-2018,207.5,210,206.15,208.45,18320,3.85,-0.95
04-07-2018,208.45,209.1,204.55,207.55,20307,4.55,0.9
05-07-2018,205.05,207.95,204.35,205.5,21223,3.6,-0.45
06-07-2018,204,208,204,205.65,10103,4,-1.65
09-07-2018,205.7,209.25,204,205.45,20368,5.25,0.25
10-07-2018,207,209.3,205.5,206.8,20265,3.8,0.2
11-07-2018,208.25,211.85,207.8,210.05,28277,4.05,-1.8
12-07-2018,212.4,213.35,208.5,209.75,15973,4.85,2.65
13-07-2018,211.2,211.2,204,205.45,13599,7.2,5.75
16-07-2018,205,207.8,203.65,204.95,20040,4.15,0.05
17-07-2018,207.95,207.95,205,206.65,23453,2.95,1.3
18-07-2018,207.5,212,206.7,209.1,26443,5.3,-1.6
19-07-2018,212.15,213.15,208.45,209.65,52021,4.7,2.5
20-07-2018,209.65,212.9,204,206.65,75754,8.9,3
23-07-2018,206.9,208.85,205.25,205.7,12376,3.6,1.2
24-07-2018,207.3,207.75,205,206.3,20652,2.75,1
25-07-2018,209.7,209.7,205,205.6,21950,4.7,4.1
26-07-2018,206.65,209,205.5,208.05,18458,3.5,-1.4
27-07-2018,209.4,213.5,207.4,211.05,43134,6.1,-1.65
30-07-2018,214,214,209.25,211.55,21192,4.75,2.45
31-07-2018,210.55,212.85,208.2,208.9,16563,4.65,1.65
01-08-2018,209.8,215.15,208.9,213.6,61953,6.25,-3.8
02-08-2018,215,217.95,211,212.4,19901,6.95,2.6
03-08-2018,214,215.05,210,210.95,19588,5.05,3.05
06-08-2018,211.55,214.75,211.1,213.95,27091,3.65,-2.4
07-08-2018,215.3,216.3,212.15,213.85,16221,4.15,1.45
08-08-2018,215.05,219.25,212.95,215.65,35906,6.3,-0.6
09-08-2018,217,217.15,214.2,214.6,9523,2.95,2.4
10-08-2018,214,215,211.45,213.85,13249,3.55,0.15
13-08-2018,213.1,215.85,210.25,211.55,27448,5.6,1.55
14-08-2018,212.5,213.45,205.8,207.9,72806,7.65,4.6
16-08-2018,210,210,203.5,205.05,25226,6.5,4.95
17-08-2018,205.5,206.5,203.65,204.15,15479,2.85,1.35
20-08-2018,205.5,207.8,204.7,205.85,25983,3.1,-0.35
21-08-2018,207.6,210.8,205.4,206.1,27562,5.4,1.5
23-08-2018,207.05,208.2,205.85,206.85,38466,2.35,0.2
24-08-2018,208,209.25,205.2,207.3,28072,4.05,0.7
27-08-2018,211,211.95,208.05,211.1,24931,3.9,-0.1
28-08-2018,211.95,212.35,206,207.95,20205,6.35,4
29-08-2018,210,210.9,207.95,209.6,22337,2.95,0.4
30-08-2018,213,214.75,208,213.75,40476,6.75,-0.75
31-08-2018,213.75,216.5,213,213.75,38125,3.5,0
03-09-2018,214.2,215.05,210.55,211.5,18935,4.5,2.7
04-09-2018,212.2,212.65,209.15,209.7,30443,3.5,2.5
05-09-2018,209.3,210.15,202.15,205.55,71323,8,3.75
06-09-2018,204,209.05,204,207.85,44418,5.05,-3.85
07-09-2018,209.2,209.2,205.95,207,26303,3.25,2.2
10-09-2018,207,207.3,203.85,204.35,30601,3.45,2.65
11-09-2018,205,205.1,202.05,202.65,21997,3.05,2.35
12-09-2018,202.35,204.65,199.85,202.8,40757,4.8,-0.45
14-09-2018,204.9,206,203.65,205.45,11042,2.35,-0.55
17-09-2018,205.45,207.3,203.55,205.85,61853,3.75,-0.4
18-09-2018,205,208.5,203.95,207.55,31211,4.55,-2.55
19-09-2018,208,209.2,205.45,208.05,184991,3.75,-0.05
21-09-2018,208.05,221.8,208.05,218.95,206267,13.75,-10.9
24-09-2018,218.6,227,216.05,217.4,161414,10.95,1.2
25-09-2018,220,222,210.45,219.95,38502,11.55,0.05
26-09-2018,225,225,215.7,217.95,22595,9.3,7.05
27-09-2018,216.05,220.2,212.7,215.35,33030,7.5,0.7
28-09-2018,216.05,222.45,210.8,218.35,42146,11.65,-2.3
01-10-2018,221,222.75,213.3,220.9,43716,9.45,0.1
03-10-2018,220.8,223.55,219,221.3,29018,4.55,-0.5
04-10-2018,218.75,219.4,200,209.05,47783,19.4,9.7
05-10-2018,199.75,199.75,180.15,186.95,262071,19.6,12.8
08-10-2018,187,195.9,185.7,194.05,107950,10.2,-7.05
09-10-2018,196.7,197.65,185,194.4,104992,12.65,2.3
10-10-2018,194.1,202.85,190.2,199,68690,12.65,-4.9
11-10-2018,199.35,207.5,193.1,197.6,153416,14.4,1.75
12-10-2018,201.95,203.05,197.3,202.4,80155,5.75,-0.45
15-10-2018,207,207,197.6,204.95,49984,9.4,2.05
16-10-2018,200.15,210.6,200.15,209.55,93392,10.45,-9.4
17-10-2018,210,212,200.65,201.85,139630,11.35,8.15
19-10-2018,201,205.85,196.5,203.45,56078,9.35,-2.45
22-10-2018,203.55,204.5,198.3,199.05,29119,6.2,4.5
23-10-2018,204,204,190.8,193.4,71290,13.2,10.6
24-10-2018,195.25,195.35,189.5,193.45,68934,5.85,1.8
25-10-2018,193,202,189.35,198.55,129650,12.65,-5.55
26-10-2018,202.05,202.05,194,199.25,48947,8.05,2.8
29-10-2018,196.05,202.6,196.05,200.5,33845,6.55,-4.45
30-10-2018,200,200,196,196.5,16228,4,3.5
31-10-2018,196.6,198.2,194.05,196.15,23421,4.15,0.45
01-11-2018,197.85,200,196.5,198.2,29629,3.5,-0.35
02-11-2018,200.45,205.25,199.8,201,41579,5.45,-0.55
05-11-2018,203.25,203.45,197,198.45,18680,6.45,4.8
06-11-2018,198.2,198.7,196.5,197.8,21494,2.2,0.4
07-11-2018,199.85,204,198.5,199.25,9053,5.5,0.6
09-11-2018,204,204,198,199.6,26372,6,4.4
12-11-2018,200.05,200.3,195.9,198.95,38550,4.4,1.1
13-11-2018,203.1,205.2,195.15,200.55,144926,10.05,2.55
14-11-2018,203.75,205,201.85,202.7,49531,3.15,1.05
15-11-2018,204.25,205,202.45,203.25,19487,2.55,1
16-11-2018,201,201.55,194.1,199.2,95094,7.45,1.8
19-11-2018,204.35,204.5,199,201.05,124545,5.5,3.3
20-11-2018,200.7,204.45,200.05,202.4,156654,4.4,-1.7
21-11-2018,204,205.05,202.05,202.65,47092,3,1.35
22-11-2018,202.35,207.15,202,205,52189,5.15,-2.65
26-11-2018,205,206.95,199.3,200.4,102127,7.65,4.6
27-11-2018,201.9,203.25,199,200.2,69148,4.25,1.7
28-11-2018,200.2,201.5,197.65,198.4,69521,3.85,1.8
29-11-2018,197.15,204.9,196.35,203.05,199088,8.55,-5.9
30-11-2018,195,195.5,186.8,187.75,544854,8.7,7.25
03-12-2018,187.8,188.5,181.9,187.35,206641,6.6,0.45
04-12-2018,187.05,189.6,185.05,186.65,70409,4.55,0.4
05-12-2018,186.9,189.2,182.75,183.25,90971,6.45,3.65
06-12-2018,182.25,182.65,180.25,180.65,87731,2.4,1.6
07-12-2018,181.15,181.9,177.7,178.15,60387,4.2,3
10-12-2018,175,176.6,172.15,173.55,78165,4.45,1.45
11-12-2018,172,175,171,174,90447,4,-2
12-12-2018,172.95,175.65,172.95,174.65,50031,2.7,-1.7
13-12-2018,176.3,176.4,174.5,175.3,56722,1.9,1
14-12-2018,174.4,177,174.35,176.45,41573,2.65,-2.05
17-12-2018,176.75,178.1,175.7,177.9,45141,2.4,-1.15
18-12-2018,179.15,179.7,177.35,178.75,38674,2.35,0.4
19-12-2018,179,180.85,178.25,179.05,44943,2.6,-0.05
20-12-2018,178.9,182.25,178.85,179.25,69188,3.4,-0.35
21-12-2018,180.4,180.9,176.7,177.3,64430,4.2,3.1
24-12-2018,177.2,178.3,174,174.25,60603,4.3,2.95
26-12-2018,174.85,175.5,173,173.6,63979,2.5,1.25
27-12-2018,174,175.6,169.5,171.55,139761,6.1,2.45
28-12-2018,172,177.8,171.35,177.2,61435,6.45,-5.2
31-12-2018,180.9,180.9,174.1,174.9,42979,6.8,6
01-01-2019,176.1,176.4,174.4,175.7,22753,2,0.4
02-01-2019,175.85,176.1,171.8,172.95,55701,4.3,2.9
03-01-2019,172.95,175.55,170.55,171.8,54106,5,1.15
04-01-2019,172.5,174.75,171.9,174,42562,2.85,-1.5
07-01-2019,176.5,176.5,173,175.3,81525,3.5,1.2
08-01-2019,176.15,177.25,174.3,176.3,48047,2.95,-0.15
09-01-2019,177.7,177.7,175,176.05,39620,2.7,1.65
10-01-2019,176.9,176.9,173.7,174.2,27086,3.2,2.7
11-01-2019,174.1,175.55,174.1,174.6,12454,1.45,-0.5
14-01-2019,174.55,174.6,172.4,172.9,26366,2.2,1.65
15-01-2019,174,175.1,173,174.65,20891,2.1,-0.65
16-01-2019,175.2,175.7,173.4,173.8,16149,2.3,1.4
17-01-2019,173.35,175.5,172.25,173.05,26350,3.25,0.3
18-01-2019,172.35,173.8,172.3,172.6,17978,1.5,-0.25
21-01-2019,172.6,173.85,171.6,172.05,33535,2.25,0.55
22-01-2019,172,172.7,170.15,170.65,22513,2.55,1.35
23-01-2019,171.55,171.55,169.05,169.8,90090,2.5,1.75
24-01-2019,170.95,171.25,169.25,170.2,30011,2,0.75
25-01-2019,170.05,173.9,170.05,171.35,33589,3.85,-1.3
28-01-2019,172,173,170.25,171.85,186255,2.75,0.15
29-01-2019,171.15,173.6,169.7,170.45,33993,3.9,0.7
30-01-2019,171.5,171.8,166.15,167.3,72353,5.65,4.2
31-01-2019,168.95,169.95,166.15,167.8,52731,3.8,1.15
01-02-2019,168,172.7,167.75,171.65,46937,4.95,-3.65
04-02-2019,170.05,175.1,170.05,171.2,69441,5.05,-1.15
05-02-2019,170.9,172,168.9,169.65,19517,3.1,1.25
06-02-2019,170.6,173,169.05,171.35,48016,3.95,-0.75
07-02-2019,174.75,174.75,170.25,171.1,84083,4.5,3.65
08-02-2019,172,173,170,170.65,46603,3,1.35
11-02-2019,171.3,171.6,168.55,170.6,23110,3.05,0.7
12-02-2019,170.25,171.95,168.25,169.85,48728,3.7,0.4
13-02-2019,175,176.8,170.4,172.75,268971,6.4,2.25
14-02-2019,173.65,173.7,169.75,171.15,137622,3.95,2.5
15-02-2019,172,175,171,172.1,167142,4,-0.1
18-02-2019,174,175.3,172.45,174.1,125672,2.85,-0.1
19-02-2019,175,178.55,174.5,177.35,155851,4.05,-2.35
20-02-2019,179,181,176.7,180.45,209710,4.3,-1.45
21-02-2019,172.5,173.8,171.35,172.35,97800,2.45,0.15
22-02-2019,173.45,177.3,172.5,176.9,135723,4.8,-3.45
25-02-2019,175.5,177.55,170,174.25,88700,7.55,1.25
26-02-2019,173.8,175.6,171.5,173.95,65553,4.1,-0.15
27-02-2019,176.8,176.8,172.4,172.7,45804,4.4,4.1
28-02-2019,172.45,178.5,172.45,175.05,159805,6.05,-2.6
01-03-2019,176,179.25,175.05,177.95,282415,4.2,-1.95
05-03-2019,179.25,181.85,178.3,181.45,100218,3.55,-2.2
06-03-2019,181.45,183.45,181.25,182.5,64708,2.2,-1.05
07-03-2019,182,182.6,176.9,177.1,100450,5.7,4.9
08-03-2019,178,178,171.75,173.8,150981,6.25,4.2
11-03-2019,174.2,178.5,173.75,177.9,142778,4.75,-3.7
12-03-2019,180,181.35,178.65,180.8,194557,2.7,-0.8
13-03-2019,181,181,174.2,176.1,229051,6.8,4.9
14-03-2019,176.1,179.05,175.6,178.7,86632,3.45,-2.6
15-03-2019,177.05,179.25,177.05,178.85,79278,2.2,-1.8
18-03-2019,180,180.7,178.1,179.55,89861,2.6,0.45
19-03-2019,180.5,187.15,178.9,183.4,205241,8.25,-2.9
20-03-2019,183.2,183.4,174.7,175.55,388346,8.7,7.65
22-03-2019,175.55,177.05,171.8,172.4,167055,5.25,3.15
25-03-2019,173,177.5,172,176.05,77456,5.5,-3.05
26-03-2019,176.5,179.7,176.5,177.35,66314,3.2,-0.85
27-03-2019,178.1,183,177.65,181.65,115609,5.35,-3.55
28-03-2019,181.65,186,180.65,184.75,97841,5.35,-3.1
29-03-2019,184.6,187.9,182.05,185.35,97952,5.85,-0.75
01-04-2019,187,187,181.85,183.75,87682,5.15,3.25
02-04-2019,182.85,184.1,181.95,183.5,31257,2.15,-0.65
03-04-2019,184,185.1,181,181.35,51908,4.1,2.65
04-04-2019,183.05,183.1,177.8,178.7,59552,5.3,4.35
05-04-2019,179,180.25,178.25,179.7,21065,2,-0.7
08-04-2019,180.55,180.9,178.25,178.9,31299,2.65,1.65
09-04-2019,179.5,179.95,177.6,178.5,45787,2.35,1
10-04-2019,177.95,180.2,177.6,178.4,34336,2.6,-0.45
11-04-2019,178.8,179.3,176.25,177.05,24470,3.05,1.75
12-04-2019,177.05,178.7,177,177.55,23191,1.7,-0.5
15-04-2019,178,179.25,177.85,178.75,26411,1.4,-0.75
16-04-2019,178.95,180,178.7,179.55,59111,1.3,-0.6
18-04-2019,179,180.5,178.55,179.2,22633,1.95,-0.2
22-04-2019,178.6,179.65,175.2,175.9,62524,4.45,2.7
23-04-2019,175.9,180,175.85,178.25,46924,4.15,-2.35
24-04-2019,178.75,180.2,178.05,179.9,51069,2.15,-1.15
25-04-2019,178.75,181.2,174.95,178.05,92887,6.25,0.7
26-04-2019,178.75,180.1,178.4,179.7,24396,1.7,-0.95
30-04-2019,179.7,181.85,178,180.85,55990,3.85,-1.15
02-05-2019,182,184.35,178,181.8,72474,6.35,0.2
03-05-2019,183.35,185,182.65,183.05,55484,2.35,0.3
06-05-2019,183.5,183.5,180.5,181.35,15565,3,2.15
07-05-2019,182.2,183.3,180.2,180.75,24023,3.1,1.45
08-05-2019,180.5,181.85,178.1,178.6,38030,3.75,1.9
09-05-2019,178.1,179.1,175.2,176.6,53082,3.9,1.5
10-05-2019,178.05,178.05,174.95,175.5,43750,3.1,2.55
13-05-2019,175.65,175.9,174.45,174.9,26279,1.45,0.75
14-05-2019,175.6,175.9,172.3,175,25703,3.6,0.6
15-05-2019,175.75,179,174.8,175.3,48765,4.2,0.45
16-05-2019,175.6,176.5,174.8,176.05,27312,1.7,-0.45
17-05-2019,176,177.3,174,176.55,24665,3.3,-0.55
20-05-2019,182.8,183.6,179,182.8,48107,4.6,0
21-05-2019,185,185.95,180.6,181.85,50707,5.35,3.15
22-05-2019,182,184.1,181.35,182.35,31137,2.75,-0.35
23-05-2019,182.35,186.9,181.6,183.55,106701,5.3,-1.2
24-05-2019,185.9,186.5,181.1,183.95,65562,5.4,1.95
27-05-2019,187.9,188.6,184.1,185.3,78352,4.5,2.6
28-05-2019,180.5,188.4,180.45,183.95,291517,7.95,-3.45
29-05-2019,183,183,179.3,180.1,28001,3.7,2.9
30-05-2019,182.7,182.7,179,179.8,23060,3.7,2.9
31-05-2019,181.5,182.55,177.15,180,40123,5.4,1.5
03-06-2019,180.05,184,178.5,182.5,129742,5.5,-2.45
04-06-2019,181.5,185.65,180.4,181.6,29345,5.25,-0.1
06-06-2019,182,182.45,178.35,179.05,23792,4.1,2.95
07-06-2019,180,181.35,179.2,180.1,37921,2.15,-0.1
10-06-2019,180.85,182,178.75,179.7,73847,3.25,1.15
11-06-2019,181.5,183.4,179.95,182.1,35576,3.45,-0.6
12-06-2019,182.55,183.25,180.1,181.35,22382,3.15,1.2
13-06-2019,180.55,180.55,176,177.45,45380,4.55,3.1
14-06-2019,176.85,178.3,175.6,176.4,33915,2.7,0.45
17-06-2019,176.9,176.9,173.7,174.35,29746,3.2,2.55
18-06-2019,174.55,174.65,171.55,173.25,30091,3.1,1.3
19-06-2019,173.7,174.4,171.85,172.7,30622,2.55,1
20-06-2019,173.15,178.9,172.75,177.05,38529,6.15,-3.9
21-06-2019,178,181.1,177.5,180.25,22952,3.6,-2.25
24-06-2019,180.6,181.3,175.8,176.3,47233,5.5,4.3
25-06-2019,175.6,177.3,175.45,176.65,18987,1.85,-1.05
26-06-2019,177,178.45,176.6,177.85,17428,1.85,-0.85
27-06-2019,178.45,180.5,177.8,179.3,94340,2.7,-0.85
28-06-2019,180,181.6,177.5,177.75,22919,4.1,2.25
01-07-2019,177.05,179.9,173.1,174.65,47496,6.8,2.4
02-07-2019,174.1,177,174,176.35,22338,3,-2.25
03-07-2019,177.15,178.8,176.85,178.1,16738,1.95,-0.95
04-07-2019,178.55,179.35,177,177.55,26914,2.35,1
05-07-2019,177.55,177.7,172.6,173.5,34191,5.1,4.05
08-07-2019,173.6,173.6,165.45,167,134021,8.15,6.6
09-07-2019,167.15,179.1,166.8,177.3,131886,12.3,-10.15
10-07-2019,178.75,179.2,174.35,174.9,29683,4.85,3.85
11-07-2019,176.5,176.85,173.4,174.25,15420,3.45,2.25
12-07-2019,174,175.7,170.45,173.65,50946,5.25,0.35
15-07-2019,172.7,173.8,171,172.5,37519,2.8,0.2
16-07-2019,171.9,173.3,170.8,172.35,21375,2.5,-0.45
17-07-2019,173.1,173.6,169.7,170.5,43361,3.9,2.6
18-07-2019,172.1,172.1,162.85,163.25,122267,9.25,8.85
19-07-2019,163.95,164.4,156.9,157.6,187007,7.5,6.35
22-07-2019,159,160.75,155.5,159.85,68787,5.25,-0.85
23-07-2019,160.35,160.55,157.1,157.5,36500,3.45,2.85
24-07-2019,158,158.5,154.55,155.1,46288,3.95,2.9
25-07-2019,155.2,157.2,154.95,155.9,51741,2.25,-0.7
26-07-2019,156.3,157.55,156,156.45,12611,1.55,-0.15
29-07-2019,157.25,157.85,153.5,154.55,27324,4.35,2.7
30-07-2019,154.6,156.5,153.35,154.1,18597,3.15,0.5
31-07-2019,153,160.25,151.55,159.6,57867,8.7,-6.6
01-08-2019,157.75,160.35,157.65,159.2,27635,2.7,-1.45
02-08-2019,158.2,158.2,152.55,155.05,46351,5.65,3.15
05-08-2019,156,156,148.9,151.25,42453,7.1,4.75
06-08-2019,151.35,155.45,150.05,154.4,18951,5.4,-3.05
07-08-2019,155,155,151,151.3,30590,4,3.7
08-08-2019,155.9,155.9,149.7,150.7,31810,6.2,5.2
09-08-2019,151.05,153.55,149.75,150.3,41633,3.8,0.75
13-08-2019,154,155,147.2,148.15,92080,7.8,5.85
14-08-2019,149.15,151.9,149.1,151.2,22950,2.8,-2.05
16-08-2019,152,154.25,148.95,152.75,26615,5.3,-0.75
19-08-2019,152.65,153.55,151,151.7,20603,2.55,0.95
20-08-2019,152.4,152.6,147.55,148.05,30196,5.05,4.35
21-08-2019,148.15,148.6,143,143.6,56553,5.6,4.55
22-08-2019,143.7,144.6,141.8,142.3,34696,2.8,1.4
23-08-2019,142.05,146.6,139.65,144.65,47487,6.95,-2.6
26-08-2019,145,147.25,141.4,146.4,33740,5.85,-1.4
27-08-2019,147,150,145.45,149.15,60862,4.55,-2.15
28-08-2019,150,150,143.35,143.85,44864,6.65,6.15
29-08-2019,143.4,150.3,142.9,146.75,104822,7.4,-3.35
30-08-2019,146.6,148.6,142.8,148,37937,5.8,-1.4
03-09-2019,150,150,142.5,143.05,18805,7.5,6.95
04-09-2019,143.05,147.45,142.6,147.25,29643,4.85,-4.2
05-09-2019,148,154,148,149.6,102133,6,-1.6
06-09-2019,150.2,152.75,148.2,151.6,21704,4.55,-1.4
09-09-2019,152,154.85,150.55,154.2,58301,4.3,-2.2
11-09-2019,154,155.35,148.6,149.85,48529,6.75,4.15
12-09-2019,150.15,151.8,149.25,150.7,18103,2.55,-0.55
13-09-2019,150.2,153.45,148.9,153.05,37932,4.55,-2.85
16-09-2019,154.8,157,151.1,153.45,95854,5.9,1.35
17-09-2019,153.75,155.05,151.5,152.15,61572,3.55,1.6
18-09-2019,150,152.8,147.45,150.2,52605,5.35,-0.2
19-09-2019,151.95,151.95,143.6,144.65,38615,8.35,7.3
20-09-2019,145.1,154.2,141.85,153.25,82459,12.35,-8.15
23-09-2019,156.5,157.9,147.95,152,196526,9.95,4.5
24-09-2019,155.9,155.9,147.45,147.95,55338,8.45,7.95
25-09-2019,147.95,148.15,145.5,145.9,28662,2.65,2.05
26-09-2019,145.05,149.9,145.05,148.55,40869,4.85,-3.5
27-09-2019,148.75,149.75,146.7,147,51017,3.05,1.75
30-09-2019,147.45,147.5,144.6,145.45,169997,2.9,2
01-10-2019,143.9,146.65,142,142.95,53818,4.65,0.95
03-10-2019,142.05,145.25,141.5,144.6,35526,3.75,-2.55
04-10-2019,148.8,148.8,143.45,143.9,33887,5.35,4.9
07-10-2019,144,144.6,143.05,143.65,24637,1.55,0.35
09-10-2019,143.6,147.25,143.6,146.3,51975,3.65,-2.7
10-10-2019,145.75,148.4,144,147.45,48691,4.4,-1.7
11-10-2019,148.45,149.5,147,148.95,18424,2.5,-0.5
14-10-2019,149.2,154.35,149.2,153.15,45218,5.15,-3.95
15-10-2019,153.2,159.2,152.3,158.5,114368,6.9,-5.3
16-10-2019,158.5,162.4,158.4,161.4,39895,4,-2.9
17-10-2019,161.4,163.85,158.6,163.55,27212,5.25,-2.15
18-10-2019,162.9,174.8,162.9,172.95,92207,11.9,-10.05
22-10-2019,172,172.1,164.3,164.8,50113,7.8,7.2
23-10-2019,161.5,168.2,161.5,165.75,34774,6.7,-4.25
24-10-2019,169.6,169.6,163.4,167.85,29466,6.2,1.75
25-10-2019,166.5,166.85,163.4,163.65,29099,3.45,2.85
27-10-2019,167.6,167.6,163.5,164.25,5094,4.1,3.35
29-10-2019,160.55,165.8,160.55,162.95,32482,5.25,-2.4
30-10-2019,164,170.8,163.5,169.15,79994,7.3,-5.15
31-10-2019,170.75,172.9,169,171.85,36711,3.9,-1.1
01-11-2019,172,173.5,167.85,168.45,20112,5.65,3.55
04-11-2019,168.7,173,168.15,171.45,27461,4.85,-2.75
05-11-2019,171.35,171.35,167.2,169.6,22363,4.15,1.75
06-11-2019,166.55,171.85,166.55,169.65,21534,5.3,-3.1
07-11-2019,172.9,172.9,166.5,167,15250,6.4,5.9
08-11-2019,163.2,168,163.2,165.35,14818,4.8,-2.15
11-11-2019,164.05,164.6,161.9,164.35,24875,2.7,-0.3
13-11-2019,164,164,160.25,160.7,10542,3.75,3.3
14-11-2019,166,166,157.6,159.75,39526,8.4,6.25
15-11-2019,160.85,161.6,157.05,160.45,37680,4.55,0.4
18-11-2019,160.5,161.4,158.8,159.25,6894,2.6,1.25
19-11-2019,159.5,161.8,158,161.25,19334,3.8,-1.75
20-11-2019,166,169.3,157.2,158.6,88758,12.1,7.4
21-11-2019,159.2,159.25,154.4,154.95,33604,4.85,4.25
22-11-2019,154.9,156,150.1,153.9,46773,5.9,1
25-11-2019,152.15,155.3,152.15,154.65,51476,3.15,-2.5
26-11-2019,154.25,158.45,154.1,155.3,36897,4.35,-1.05
27-11-2019,155.3,156.75,153.8,156,34495,2.95,-0.7
28-11-2019,156,156.3,153.75,155.9,24258,2.55,0.1
29-11-2019,153.2,156,153.1,154.1,36937,2.9,-0.9
02-12-2019,154,155.3,151.8,154.25,29574,3.5,-0.25
03-12-2019,154,154.3,151.4,152.25,22085,2.9,1.75
04-12-2019,153.6,154.85,151.05,154.5,20185,3.8,-0.9
05-12-2019,154.6,159.9,153.85,159.2,50526,6.05,-4.6
06-12-2019,158.95,159.7,154.3,156.15,39493,5.4,2.8
09-12-2019,156.8,159.95,155.5,157.9,40840,4.45,-1.1
10-12-2019,159.2,159.2,153,153.7,18234,6.2,5.5
11-12-2019,154.9,155.5,151.8,153.8,23159,3.7,1.1
12-12-2019,154,156.7,153.5,155.35,19592,3.2,-1.35
13-12-2019,156.6,157.25,153.4,154.5,25570,3.85,2.1
16-12-2019,154.5,154.5,152.1,152.4,20301,2.4,2.1
17-12-2019,151.85,153.55,149.75,151.85,42205,3.8,0
18-12-2019,152,152.5,150.5,151.75,17128,2,0.25
19-12-2019,150.8,153.35,150.8,152.2,27423,2.55,-1.4
20-12-2019,155,155,150.6,151.25,20979,4.4,3.75
23-12-2019,151,151.7,150.05,150.25,12720,1.65,0.75
24-12-2019,150.5,151.35,149.8,150,15860,1.55,0.5
26-12-2019,151.9,151.9,148.5,149,46882,3.4,2.9
27-12-2019,150.2,151.6,149.2,150.9,26712,2.4,-0.7
30-12-2019,152,152.5,150.75,152,18844,1.75,0
31-12-2019,152.1,153.35,151.7,153.05,10952,1.65,-0.95
01-01-2020,153,153.45,151.9,152.2,7605,1.55,0.8
02-01-2020,152.4,153.3,151.55,153.05,23061,1.75,-0.65
03-01-2020,155,158,154.65,156,61265,3.35,-1
06-01-2020,159,159,152.85,153.8,58052,6.15,5.2
07-01-2020,154.85,155.25,154,154.35,11904,1.25,0.5
08-01-2020,155,155.65,152.9,154.9,30331,2.75,0.1
09-01-2020,155.8,157.6,153.8,156.35,49074,3.8,-0.55
10-01-2020,156.75,159.8,155.85,157.8,33100,3.95,-1.05
13-01-2020,158.9,158.9,157,158.2,24293,1.9,0.7
14-01-2020,158.4,158.85,157.1,157.95,13291,1.75,0.45
15-01-2020,157.4,158.75,157.3,158.35,23317,1.45,-0.95
16-01-2020,159,159,154.85,155.25,23200,4.15,3.75
17-01-2020,155,159.2,154.8,156.7,36843,4.4,-1.7
20-01-2020,156,156,148.7,149.4,176494,7.3,6.6
21-01-2020,149.55,149.7,145.3,146,98159,4.4,3.55
22-01-2020,146.55,146.55,137.25,137.7,197871,9.3,8.85
23-01-2020,138.9,143.8,137.1,138.75,220029,6.7,0.15
24-01-2020,140,143.35,139.75,142.2,87667,3.6,-2.2
27-01-2020,142.75,143.5,140.5,141.35,37163,3,1.4
28-01-2020,141.5,141.55,137.85,138.15,44344,3.7,3.35
29-01-2020,141.25,141.25,136.2,139.9,67400,5.05,1.35
30-01-2020,140,140,137.25,137.8,49027,2.75,2.2
31-01-2020,139.2,139.2,128,129.55,273044,11.2,9.65
01-02-2020,129.05,129.05,122.85,124.25,247633,6.2,4.8
03-02-2020,124,124,118.5,123.1,107206,5.5,0.9
04-02-2020,123.1,130,123.1,128.95,69448,6.9,-5.85
05-02-2020,129.9,130.6,128.35,129.3,62121,2.25,0.6
06-02-2020,130.85,135.6,130.45,135.1,101206,5.15,-4.25
07-02-2020,135.1,139.05,132.5,138.75,101643,6.55,-3.65
10-02-2020,138.75,138.75,132.2,133.95,147844,6.55,4.8
11-02-2020,134.8,135.5,129.35,134.2,253730,6.15,0.6
12-02-2020,134.95,137.15,134.2,136,88301,2.95,-1.05
13-02-2020,137.8,137.8,133.4,134.1,88015,4.4,3.7
14-02-2020,134.85,135,129.85,130.25,150171,5.15,4.6
17-02-2020,131.5,131.6,127.1,129.95,111022,4.5,1.55
18-02-2020,130.3,133.35,127,131.8,138814,6.35,-1.5
19-02-2020,134.9,139.45,130.15,138.55,256644,9.3,-3.65
20-02-2020,128.5,128.5,124.7,125.1,256350,3.8,3.4
24-02-2020,124,124.4,120.05,120.45,121838,4.35,3.55
25-02-2020,121,121.65,117.3,117.65,99759,4.35,3.35
26-02-2020,117,117.55,113.2,113.5,65311,4.35,3.5
27-02-2020,113,113,108.55,112.35,93697,4.45,0.65
28-02-2020,109,109,105.5,108,346839,3.5,1
02-03-2020,109.85,111,101.15,101.75,144002,9.85,8.1
03-03-2020,103.05,108,101.8,106.75,127628,6.2,-3.7
04-03-2020,106,111.3,104.4,110.4,600644,6.9,-4.4
05-03-2020,111.9,114.95,104.8,105.6,140977,10.15,6.3
06-03-2020,104.9,104.9,101.1,102.05,73087,3.8,2.85
09-03-2020,99.9,99.9,89.35,91.15,297336,10.55,8.75
11-03-2020,92.95,93,84.3,84.7,300771,8.7,8.25
12-03-2020,78.9,80.75,73.7,75.2,589736,7.05,3.7
13-03-2020,73,85.3,66,81.4,394717,19.3,-8.4
16-03-2020,81,81,69.8,70.35,249869,11.2,10.65
17-03-2020,70,73.75,68.45,71.45,330103,5.3,-1.45
18-03-2020,72,98,68,83.1,688946,30,-11.1
19-03-2020,74.8,79.9,69.15,75.9,1007853,10.75,-1.1
20-03-2020,79.9,85.55,75.2,81.5,1725766,10.35,-1.6
23-03-2020,75.5,82,72,73.5,172538,10,2
24-03-2020,73.6,77.8,72.6,74.2,122099,5.2,-0.6
25-03-2020,74,77.4,73,76.45,114255,4.4,-2.45
26-03-2020,76,81.05,74.6,76.8,159827,6.45,-0.8
27-03-2020,77,79.4,75.1,77.7,130579,4.3,-0.7
30-03-2020,77,80.15,74,79.35,77016,6.15,-2.35
31-03-2020,80,85.9,79.2,82.7,187771,6.7,-2.7
01-04-2020,81,82.45,77.6,79.25,115745,4.85,1.75
03-04-2020,82.9,85.5,80.3,84.25,132232,5.2,-1.35
07-04-2020,88.5,90.8,85.1,89.4,165174,5.7,-0.9
08-04-2020,89,94.2,85.9,89.35,155669,8.3,-0.35
09-04-2020,92,93,90.1,91.3,903407,2.9,0.7
13-04-2020,92,92,86.65,89.2,490087,5.35,2.8
15-04-2020,89,90.95,86.6,88.5,312660,4.35,0.5
16-04-2020,87.95,91,87.4,90.3,564905,3.6,-2.35
17-04-2020,93,94.3,90.6,92.8,112238,3.7,0.2
20-04-2020,92.8,93.2,83.6,90.6,82600,9.6,2.2
21-04-2020,86.8,87.8,84.4,86.1,144308,3.4,0.7
22-04-2020,83,87,74.9,86.1,501005,12.1,-3.1
23-04-2020,88.7,92.4,85.75,86.05,277915,6.65,2.65
24-04-2020,86.2,88.55,83.5,83.7,112930,5.05,2.5
27-04-2020,87.05,87.05,84.5,86.2,68677,2.55,0.85
28-04-2020,86.5,88.9,84.25,88.25,101466,4.65,-1.75
29-04-2020,88.35,92,87.45,91.7,101149,4.55,-3.35
30-04-2020,94,100.5,92,98.95,609128,8.5,-4.95
